date_time_local,unixtime,pressure_station,pressure_sea,wind_dir,wind_dir_10s,wind_speed,wind_gust,relative_humidity,dew_point,temperature,windchill,humidex,visibility,health_index,cloud_cover_4,cloud_cover_8,cloud_cover_10,solar_radiation
"2020-06-13 16:00:00 EDT",1592078400,100.54,102.7,NNE,2,24,,31,0.9,18,,,24100,,,2,,
"2020-06-13 15:00:00 EDT",1592074800,100.56,102.7,NNE,1,17,31,39,3.6,17.5,,,24100,2,,2,,
"2020-06-13 14:00:00 EDT",1592071200,100.58,102.7,N,36,17,37,35,1.4,16.7,,,24100,1.9,,2,,
"2020-06-13 13:00:00 EDT",1592067600,100.59,102.7,NE,4,20,39,33,0.3,16.6,,,24100,1.8,,2,,
"2020-06-13 12:00:00 EDT",1592064000,100.62,102.7,N,1,15,32,36,0.8,15.6,,,24100,1.7,,2,,
"2020-06-13 11:00:00 EDT",1592060400,100.63,102.8,NNW,34,24,,45,2.9,14.6,,,24100,1.5,,2,,
"2020-06-13 10:00:00 EDT",1592056800,100.65,102.8,NW,31,18,30,51,3.3,13.2,,,24100,1.5,,2,,
"2020-06-13 09:00:00 EDT",1592053200,100.65,102.8,N,35,17,28,55,3.7,12.6,,,24100,1.5,,5,,
"2020-06-13 08:00:00 EDT",1592049600,100.61,102.7,NNW,35,10,,58,3.5,11.5,,,24100,1.5,,5,,
"2020-06-13 07:00:00 EDT",1592046000,100.58,102.7,N,36,10,,68,4.1,9.7,,,24100,1.4,,7,,
"2020-06-13 06:00:00 EDT",1592042400,100.53,102.6,NNW,34,14,,72,4.3,9.1,,,24100,1.4,,7,,
"2020-06-13 05:00:00 EDT",1592038800,100.49,102.6,N,35,10,,77,5,8.8,,,24100,1.4,,6,,
"2020-06-13 04:00:00 EDT",1592035200,100.47,102.6,N,0,11,,79,4.9,8.3,,,24100,1.5,,3,,
"2020-06-13 03:00:00 EDT",1592031600,100.42,102.5,N,0,18,,74,4.2,8.5,,,24100,1.6,,1,,
"2020-06-13 02:00:00 EDT",1592028000,100.4,102.5,NNW,35,17,,65,3,9.2,,,24100,1.7,,1,,
"2020-06-13 01:00:00 EDT",1592024400,100.39,102.5,NNW,34,17,,59,2.3,10,,,24100,1.8,,0,,
"2020-06-13 00:00:00 EDT",1592020800,100.36,102.5,NNW,34,12,,64,4.1,10.5,,,24100,1.9,,0,,
"2020-06-12 23:00:00 EDT",1592017200,100.35,102.5,NNW,35,21,,58,3.5,11.4,,,24100,2,,1,,
"2020-06-12 22:00:00 EDT",1592013600,100.32,102.4,N,35,23,,48,1.8,12.4,,,24100,2.1,,1,,
"2020-06-12 21:00:00 EDT",1592010000,100.25,102.4,NW,32,27,,40,0.7,14,,,24100,2.2,,1,,
"2020-06-12 20:00:00 EDT",1592006400,100.23,102.3,NW,31,20,,37,0.7,15.4,,,24100,2.2,,2,,
"2020-06-12 19:00:00 EDT",1592002800,100.19,102.3,NW,32,28,39,38,1.9,16.2,,,24100,2.2,,2,,
"2020-06-12 18:00:00 EDT",1591999200,100.17,102.3,NNW,35,29,41,41,3.4,16.6,,,24100,2.1,,2,,
"2020-06-12 17:00:00 EDT",1591995600,100.15,102.3,NW,31,36,,40,3.5,17.1,,,24100,2.1,,1,,
"2020-06-12 16:00:00 EDT",1591992000,100.13,102.2,NW,33,29,39,48,5.6,16.6,,,24100,2.1,,2,,
"2020-06-12 15:00:00 EDT",1591988400,100.12,102.2,WNW,29,37,,47,6.1,17.4,,,24100,2.1,,2,,
"2020-06-12 14:00:00 EDT",1591984800,100.16,102.3,NW,30,33,,44,4.5,16.8,,,24100,2.2,,1,,
"2020-06-12 13:00:00 EDT",1591981200,100.15,102.2,NW,31,33,45,52,6.4,16.1,,,24100,2.1,,2,,
"2020-06-12 12:00:00 EDT",1591977600,100.15,102.2,NW,31,33,45,48,4.9,15.8,,,24100,2.1,,1,,
"2020-06-12 11:00:00 EDT",1591974000,100.09,102.2,WNW,30,28,41,51,5.4,15.6,,,24100,2.1,,2,,
"2020-06-12 10:00:00 EDT",1591970400,100.06,102.2,WNW,30,32,,53,4.9,14.4,,,24100,2.2,,3,,
"2020-06-12 09:00:00 EDT",1591966800,100.04,102.1,NW,31,35,,55,5,13.7,,,24100,2.2,,8,,
"2020-06-12 08:00:00 EDT",1591963200,100,102.1,NW,31,36,,59,4.9,12.7,,,24100,2.1,,7,,
"2020-06-12 07:00:00 EDT",1591959600,99.92,102,NW,32,29,39,58,4.7,12.8,,,24100,2,,6,,
"2020-06-12 06:00:00 EDT",1591956000,99.84,101.9,WNW,30,32,42,62,5.8,13,,,24100,2.1,,3,,
"2020-06-12 05:00:00 EDT",1591952400,99.78,101.9,WNW,30,31,45,68,8.4,14.2,,,24100,2.3,,1,,
"2020-06-12 04:00:00 EDT",1591948800,99.74,101.8,WNW,29,18,,73,10.2,15,,,24100,2.4,,1,,
"2020-06-12 03:00:00 EDT",1591945200,99.7,101.8,NW,31,34,,64,10,16.7,,,24100,2.4,,6,,
"2020-06-12 02:00:00 EDT",1591941600,99.65,101.7,WNW,28,17,,63,10.9,17.9,,,24100,2.4,,6,,
"2020-06-12 01:00:00 EDT",1591938000,99.64,101.7,W,27,24,,63,11.1,18.2,,,24100,2.5,,7,,
"2020-06-12 00:00:00 EDT",1591934400,99.61,101.7,SW,22,16,,58,10.7,18.9,,,24100,2.5,,1,,
"2020-06-11 23:00:00 EDT",1591930800,99.62,101.7,SW,23,14,,54,9.9,19.5,,,24100,2.4,,1,,
"2020-06-11 22:00:00 EDT",1591927200,99.63,101.7,SW,23,14,,55,10,19.2,,,24100,2.4,,1,,
"2020-06-11 21:00:00 EDT",1591923600,99.6,101.7,WSW,25,17,,53,10,19.7,,,24100,2.3,,1,,
"2020-06-11 20:00:00 EDT",1591920000,99.59,101.7,W,26,23,39,48,9.8,21.2,,,24100,2.4,,1,,
"2020-06-11 19:00:00 EDT",1591916400,99.54,101.6,W,28,30,,44,9.4,22,,,24100,2.4,,1,,
"2020-06-11 18:00:00 EDT",1591912800,99.52,101.6,WSW,25,32,,47,10.8,22.4,,,24100,2.4,,3,,
"2020-06-11 17:00:00 EDT",1591909200,99.47,101.5,W,26,31,41,46,11.1,23.3,,25,24100,2.2,,5,,
"2020-06-11 16:00:00 EDT",1591905600,99.44,101.5,W,27,22,48,47,12.1,24,,26,24100,2.1,,4,,
"2020-06-11 15:00:00 EDT",1591902000,99.43,101.5,W,26,28,53,49,11.7,22.9,,25,24100,1.9,,5,,
"2020-06-11 14:00:00 EDT",1591898400,99.41,101.5,W,27,30,,53,11.9,21.8,,,24100,1.8,,6,,
"2020-06-11 13:00:00 EDT",1591894800,99.38,101.5,WSW,26,33,47,54,11.9,21.4,,,24100,1.7,,7,,
"2020-06-11 12:00:00 EDT",1591891200,99.34,101.4,W,26,37,52,57,11,19.8,,,24100,1.6,,7,,
"2020-06-11 11:00:00 EDT",1591887600,99.25,101.3,W,27,32,51,57,10.8,19.4,,,24100,1.4,,5,,
"2020-06-11 10:00:00 EDT",1591884000,99.19,101.2,WNW,28,33,43,60,10.4,18.3,,,24100,1.3,,6,,
"2020-06-11 09:00:00 EDT",1591880400,99.06,101.1,W,28,35,54,60,9.8,17.6,,,24100,1.4,,5,,
"2020-06-11 08:00:00 EDT",1591876800,98.89,100.9,W,27,32,57,75,11.6,15.9,,,24100,1.8,,5,,
"2020-06-11 07:00:00 EDT",1591873200,98.66,100.7,W,27,42,58,78,13.5,17.4,,,24100,2.1,,7,,
"2020-06-11 06:00:00 EDT",1591869600,98.49,100.5,SW,22,22,,78,15,18.8,,,24100,2.4,,7,,
"2020-06-11 05:00:00 EDT",1591866000,98.38,100.4,SSW,21,26,42,79,15.1,18.8,,,24100,2.6,,1,,
"2020-06-11 04:00:00 EDT",1591862400,98.33,100.4,SW,22,26,41,80,15.8,19.2,,,24100,2.7,,0,,
"2020-06-11 03:00:00 EDT",1591858800,98.29,100.3,SSW,20,18,,98,18.5,18.8,,,24100,2.6,,2,,
"2020-06-11 02:00:00 EDT",1591855200,98.31,100.3,SE,14,14,,99,17.6,17.7,,,4000,2.5,,8,,
"2020-06-11 01:00:00 EDT",1591851600,98.31,100.3,SSE,15,17,,97,18,18.4,,,19300,2.6,,8,,
"2020-06-11 00:00:00 EDT",1591848000,98.37,100.4,ESE,12,14,,98,18.6,19,,,17700,2.7,,8,,
"2020-06-10 23:00:00 EDT",1591844400,98.4,100.4,ENE,8,13,,96,18.5,19.2,,,24100,2.8,,8,,
"2020-06-10 22:00:00 EDT",1591840800,98.3,100.3,N,1,7,30,87,18.1,20.3,,26,17700,2.7,,8,,
"2020-06-10 21:00:00 EDT",1591837200,98.34,100.4,N,36,21,41,80,17.3,20.8,,26,16100,2.7,,8,,
"2020-06-10 20:00:00 EDT",1591833600,98.26,100.3,SW,22,22,35,60,21.4,29.9,,39,24100,2.7,,7,,
"2020-06-10 19:00:00 EDT",1591830000,98.28,100.3,SW,22,26,40,57,21.4,30.7,,39,24100,2.8,,6,,
"2020-06-10 18:00:00 EDT",1591826400,98.28,100.3,SW,22,39,48,55,21.3,31.1,,40,24100,2.9,,5,,
"2020-06-10 17:00:00 EDT",1591822800,98.27,100.3,S,19,27,51,55,21.8,31.6,,41,24100,3,,5,,
"2020-06-10 16:00:00 EDT",1591819200,98.33,100.4,SSW,20,28,44,59,22.4,31.1,,41,24100,3,,6,,
"2020-06-10 15:00:00 EDT",1591815600,98.4,100.4,SSW,20,30,43,60,22.3,30.7,,40,24100,3,,7,,
"2020-06-10 14:00:00 EDT",1591812000,98.44,100.5,SSE,16,20,34,67,21.5,28.1,,37,24100,3.1,,3,,
"2020-06-10 13:00:00 EDT",1591808400,98.46,100.5,SSE,16,23,,71,20.8,26.4,,35,24100,3,,2,,
"2020-06-10 12:00:00 EDT",1591804800,98.51,100.5,SSE,15,20,,72,20.5,25.7,,34,24100,2.8,,2,,
"2020-06-10 11:00:00 EDT",1591801200,98.57,100.6,SSE,16,17,,75,19.6,24.2,,31,24100,2.6,,3,,
"2020-06-10 10:00:00 EDT",1591797600,98.62,100.7,SSE,16,11,,79,19.1,22.8,,30,24100,2.3,,1,,
"2020-06-10 09:00:00 EDT",1591794000,98.67,100.7,SE,13,16,,82,17.8,20.9,,27,24100,2.2,,5,,
"2020-06-10 08:00:00 EDT",1591790400,98.67,100.7,SE,14,8,,93,18,19.1,,,24100,2.3,,7,,
"2020-06-10 07:00:00 EDT",1591786800,98.71,100.7,E,9,8,,94,16.8,17.8,,,24100,2.6,,7,,
"2020-06-10 06:00:00 EDT",1591783200,98.76,100.79,NNE,2,13,,94,16,16.9,,,3200,2.7,,8,,
"2020-06-10 05:00:00 EDT",1591779600,98.75,100.78,SW,21,4,,70,13.6,19.1,,,24100,2.8,,7,,
"2020-06-10 04:00:00 EDT",1591776000,98.71,100.7,E,9,12,,68,13.2,19.2,,,24100,3.3,,8,,
"2020-06-10 03:00:00 EDT",1591772400,98.78,100.8,E,9,18,,64,13,19.8,,,24100,3.6,,7,,
"2020-06-10 02:00:00 EDT",1591768800,98.85,100.9,E,8,16,28,58,12,20.4,,,24100,4,,7,,
"2020-06-10 01:00:00 EDT",1591765200,98.92,101,E,9,16,,51,10.7,21.1,,,24100,4.1,,1,,
"2020-06-10 00:00:00 EDT",1591761600,98.96,101,E,9,16,,54,12.2,21.7,,,24100,4.2,,1,,
"2020-06-09 23:00:00 EDT",1591758000,98.92,101,ESE,12,12,,54,13.4,23.2,,26,24100,4.3,,1,,
"2020-06-09 22:00:00 EDT",1591754400,98.95,101,ESE,12,8,,53,14,23.9,,27,24100,4.2,,4,,
"2020-06-09 21:00:00 EDT",1591750800,98.93,101,SSE,16,11,,49,13.9,25.2,,29,24100,4.2,,4,,
"2020-06-09 20:00:00 EDT",1591747200,98.92,101,SSE,15,13,,43,14.1,27.7,,31,24100,4.2,,4,,
"2020-06-09 19:00:00 EDT",1591743600,98.93,101,S,17,19,,40,14.8,29.7,,34,24100,4.3,,2,,
"2020-06-09 18:00:00 EDT",1591740000,98.96,101,SSE,16,18,,39,15.1,30.3,,34,24100,4.6,,5,,
"2020-06-09 17:00:00 EDT",1591736400,98.99,101,SSE,15,18,28,38,14.6,30.1,,34,24100,4.8,,6,,
"2020-06-09 16:00:00 EDT",1591732800,99.01,101.1,S,18,20,30,37,14.9,31,,35,24100,4.8,,5,,
"2020-06-09 15:00:00 EDT",1591729200,99.05,101.1,SSE,17,18,,37,14.9,31.1,,35,24100,4.5,,5,,
"2020-06-09 14:00:00 EDT",1591725600,99.08,101.1,SE,13,18,,38,14.8,30.4,,34,24100,4,,4,,
"2020-06-09 13:00:00 EDT",1591722000,99.13,101.2,SE,14,15,,40,14.7,29.5,,33,24100,3.4,,4,,
"2020-06-09 12:00:00 EDT",1591718400,99.15,101.2,SE,14,11,,39,13.4,28.3,,31,24100,3.3,,3,,
"2020-06-09 11:00:00 EDT",1591714800,99.15,101.2,WNW,29,7,,35,12.2,28.7,,31,24100,3.1,,3,,
"2020-06-09 10:00:00 EDT",1591711200,99.23,101.3,SW,23,13,,38,10.6,25.8,,27,24100,3,,3,,
"2020-06-09 09:00:00 EDT",1591707600,99.29,101.3,W,26,13,,35,7.6,24,,,24100,2.8,,3,,
"2020-06-09 08:00:00 EDT",1591704000,99.27,101.3,WSW,24,9,,42,8.1,21.6,,,24100,2.7,,4,,
"2020-06-09 07:00:00 EDT",1591700400,99.27,101.3,WSW,25,6,,59,10.2,18.3,,,24100,2.5,,3,,
"2020-06-09 06:00:00 EDT",1591696800,99.2,101.3,SW,23,8,,58,8.3,16.6,,,24100,2.4,,1,,
"2020-06-09 05:00:00 EDT",1591693200,99.23,101.3,S,19,6,,61,9.1,16.6,,,24100,2.4,,1,,
"2020-06-09 04:00:00 EDT",1591689600,99.23,101.3,ENE,8,4,,60,9.2,16.9,,,24100,2.4,,0,,
"2020-06-09 03:00:00 EDT",1591686000,99.24,101.3,SW,22,9,,60,8.9,16.6,,,24100,2.4,,0,,
"2020-06-09 02:00:00 EDT",1591682400,99.34,101.4,SSE,16,5,,59,9.4,17.3,,,24100,2.4,,0,,
"2020-06-09 01:00:00 EDT",1591678800,99.37,101.4,SE,15,5,,58,9.1,17.4,,,24100,2.5,,1,,
"2020-06-09 00:00:00 EDT",1591675200,99.38,101.5,SE,14,5,,54,8.4,17.9,,,24100,2.4,,0,,
"2020-06-08 23:00:00 EDT",1591671600,99.4,101.5,SSE,15,3,,53,8.2,17.9,,,24100,2.3,,0,,
"2020-06-08 22:00:00 EDT",1591668000,99.4,101.5,SSE,17,5,,51,7.5,17.8,,,24100,2.2,,2,,
"2020-06-08 21:00:00 EDT",1591664400,99.41,101.5,SSE,16,6,,46,6.9,18.6,,,24100,2.2,,2,,
"2020-06-08 20:00:00 EDT",1591660800,99.49,101.6,SSE,15,9,,41,6.2,19.6,,,24100,2.3,,1,,
"2020-06-08 19:00:00 EDT",1591657200,99.54,101.6,SSE,17,13,,43,7.6,20.6,,,24100,2.2,,1,,
"2020-06-08 18:00:00 EDT",1591653600,99.52,101.6,SSE,15,13,,37,7.3,22.6,,,24100,2.1,,2,,
"2020-06-08 17:00:00 EDT",1591650000,99.57,101.7,SSE,15,16,,40,8.3,22.4,,,24100,1.9,,2,,
"2020-06-08 16:00:00 EDT",1591646400,99.69,101.8,SE,13,13,,38,7.2,22.1,,,24100,,,1,,
"2020-06-08 15:00:00 EDT",1591642800,99.76,101.9,SE,12,13,,44,8.8,21.6,,,24100,,,1,,
"2020-06-08 14:00:00 EDT",1591639200,99.83,101.9,ESE,12,11,,40,6.4,20.4,,,24100,1.7,,1,,
"2020-06-08 13:00:00 EDT",1591635600,99.9,102,ESE,11,9,,38,5.1,19.5,,,24100,1.7,,2,,
"2020-06-08 12:00:00 EDT",1591632000,99.91,102,ESE,12,16,,40,5.5,19.5,,,24100,1.6,,2,,
"2020-06-08 11:00:00 EDT",1591628400,99.96,102.1,SE,13,13,,42,6,19.1,,,24100,1.6,,2,,
"2020-06-08 10:00:00 EDT",1591624800,99.93,102,SE,14,9,,51,8,18.1,,,24100,1.5,,2,,
"2020-06-08 09:00:00 EDT",1591621200,99.96,102.1,NE,5,6,,58,7.7,15.9,,,24100,1.5,,1,,
"2020-06-08 08:00:00 EDT",1591617600,99.92,102,N,1,7,,67,7.8,13.8,,,24100,1.3,,1,,
"2020-06-08 07:00:00 EDT",1591614000,99.87,102,N,36,12,,76,7.4,11.5,,,24100,1.3,,2,,
"2020-06-08 06:00:00 EDT",1591610400,99.86,102,NNW,34,14,,80,7.2,10.4,,,24100,1.3,,1,,
"2020-06-08 05:00:00 EDT",1591606800,99.84,101.9,N,35,20,,79,6.8,10.4,,,24100,1.2,,1,,
"2020-06-08 04:00:00 EDT",1591603200,99.79,101.9,N,36,14,,73,6.8,11.4,,,24100,1.2,,6,,
"2020-06-08 03:00:00 EDT",1591599600,99.8,101.9,NNW,35,16,,72,6.7,11.5,,,24100,1.2,,7,,
"2020-06-08 02:00:00 EDT",1591596000,99.81,101.9,NNW,34,16,,71,6.5,11.4,,,24100,1.2,,0,,
"2020-06-08 01:00:00 EDT",1591592400,99.83,101.9,N,35,12,,70,6.3,11.6,,,24100,1.3,,1,,
"2020-06-08 00:00:00 EDT",1591588800,99.83,101.9,N,35,18,,66,6.4,12.6,,,24100,1.4,,1,,
"2020-06-07 23:00:00 EDT",1591585200,99.8,101.9,N,36,15,,63,6.7,13.5,,,24100,1.6,,5,,
"2020-06-07 22:00:00 EDT",1591581600,99.76,101.9,N,36,15,,63,7.6,14.6,,,24100,1.8,,1,,
"2020-06-07 21:00:00 EDT",1591578000,99.7,101.8,N,35,20,,52,6.4,16.3,,,24100,1.9,,2,,
"2020-06-07 20:00:00 EDT",1591574400,99.7,101.8,N,36,14,,45,6.1,18.2,,,24100,2,,4,,
"2020-06-07 19:00:00 EDT",1591570800,99.68,101.8,N,1,19,,37,4.3,19.4,,,24100,2,,6,,
"2020-06-07 18:00:00 EDT",1591567200,99.68,101.8,NNW,34,21,,38,5.6,20.1,,,24100,2,,6,,
"2020-06-07 17:00:00 EDT",1591563600,99.7,101.8,N,35,25,,41,6.9,20.4,,,24100,1.9,,4,,
"2020-06-07 16:00:00 EDT",1591560000,99.71,101.8,N,35,21,,40,6.5,20.4,,,24100,1.8,,5,,
"2020-06-07 15:00:00 EDT",1591556400,99.73,101.8,N,1,18,29,44,7.1,19.7,,,24100,1.6,,5,,
"2020-06-07 14:00:00 EDT",1591552800,99.78,101.9,NNE,3,22,,47,8.5,19.8,,,24100,1.6,,2,,
"2020-06-07 13:00:00 EDT",1591549200,99.83,101.9,NNW,34,15,36,51,8.8,19.1,,,24100,1.5,,3,,
"2020-06-07 12:00:00 EDT",1591545600,99.86,101.9,N,36,21,32,52,8.8,18.8,,,24100,1.4,,2,,
"2020-06-07 11:00:00 EDT",1591542000,99.95,102,NNW,34,21,,51,7.9,17.9,,,24100,1.3,,2,,
"2020-06-07 10:00:00 EDT",1591538400,99.86,102,NNW,33,19,,55,7.4,16.3,,,24100,1.2,,4,,
"2020-06-07 09:00:00 EDT",1591534800,99.81,101.9,N,35,16,,62,7.4,14.5,,,24100,1.2,,2,,
"2020-06-07 08:00:00 EDT",1591531200,99.84,101.9,N,36,18,,67,6.9,12.9,,,24100,1.3,,1,,
"2020-06-07 07:00:00 EDT",1591527600,99.79,101.9,N,36,18,,69,6.6,12,,,24100,1.5,,1,,
"2020-06-07 06:00:00 EDT",1591524000,99.74,101.8,N,36,21,,78,7.7,11.3,,,24100,1.6,,1,,
"2020-06-07 05:00:00 EDT",1591520400,99.72,101.8,N,35,21,,78,8.4,12.1,,,24100,1.6,,0,,
"2020-06-07 04:00:00 EDT",1591516800,99.67,101.8,N,36,18,,77,8.9,12.8,,,24100,1.7,,0,,
"2020-06-07 03:00:00 EDT",1591513200,99.65,101.7,NNW,35,22,,74,9,13.4,,,24100,1.7,,0,,
"2020-06-07 02:00:00 EDT",1591509600,99.61,101.7,NNW,35,14,,71,8.9,14,,,24100,1.7,,0,,
"2020-06-07 01:00:00 EDT",1591506000,99.6,101.7,NNW,33,20,,67,9.1,15.2,,,24100,1.7,,0,,
"2020-06-07 00:00:00 EDT",1591502400,99.55,101.6,NNW,34,21,,64,9.1,15.7,,,24100,1.8,,0,,
"2020-06-06 23:00:00 EDT",1591498800,99.49,101.6,NNW,33,18,28,61,9.1,16.5,,,24100,2,,0,,
"2020-06-06 22:00:00 EDT",1591495200,99.47,101.5,NNW,34,23,35,58,9.2,17.5,,,24100,2.3,,1,,
"2020-06-06 21:00:00 EDT",1591491600,99.39,101.5,NNW,34,19,34,52,8.7,18.6,,,24100,2.5,,1,,
"2020-06-06 20:00:00 EDT",1591488000,99.33,101.4,NNW,33,34,44,48,8.5,19.8,,,24100,2.6,,1,,
"2020-06-06 19:00:00 EDT",1591484400,99.28,101.4,N,35,29,49,46,9.5,21.4,,,24100,2.7,,3,,
"2020-06-06 18:00:00 EDT",1591480800,99.22,101.3,N,36,33,49,43,9.1,22.2,,,24100,2.7,,3,,
"2020-06-06 17:00:00 EDT",1591477200,99.18,101.2,N,35,26,41,44,10.1,22.9,,,24100,2.8,,5,,
"2020-06-06 16:00:00 EDT",1591473600,99.15,101.2,N,35,35,48,49,11.3,22.5,,,24100,2.8,,5,,
"2020-06-06 15:00:00 EDT",1591470000,99.15,101.2,N,36,35,47,47,11,22.8,,25,24100,2.9,,6,,
"2020-06-06 14:00:00 EDT",1591466400,99.13,101.2,NW,31,31,,38,9.6,24.7,,26,24100,2.9,,4,,
"2020-06-06 13:00:00 EDT",1591462800,99.2,101.3,NW,31,30,40,40,9.6,23.9,,25,24100,2.8,,6,,
"2020-06-06 12:00:00 EDT",1591459200,99.2,101.2,WNW,29,14,,43,10.7,23.8,,25,24100,2.8,,3,,
"2020-06-06 11:00:00 EDT",1591455600,99.17,101.2,NNW,34,12,27,47,11.4,23.1,,25,24100,2.7,,2,,
"2020-06-06 10:00:00 EDT",1591452000,99.2,101.2,NW,32,24,,45,9.9,22.3,,,24100,2.5,,1,,
"2020-06-06 09:00:00 EDT",1591448400,99.19,101.2,NW,32,19,,50,10.4,21.1,,,24100,2.4,,0,,
"2020-06-06 08:00:00 EDT",1591444800,99.14,101.2,NNW,34,16,,60,11,18.9,,,24100,2.4,,0,,
"2020-06-06 07:00:00 EDT",1591441200,99.08,101.1,NNW,35,14,,71,11.4,16.6,,,24100,2.4,,0,,
"2020-06-06 06:00:00 EDT",1591437600,99,101.1,NNW,34,18,,70,11.5,17,,,24100,2.5,,1,,
"2020-06-06 05:00:00 EDT",1591434000,98.9,100.9,NNW,33,18,,63,10.3,17.2,,,24100,2.6,,1,,
"2020-06-06 04:00:00 EDT",1591430400,98.85,100.9,NNW,34,18,,61,10.3,17.8,,,24100,2.7,,6,,
"2020-06-06 03:00:00 EDT",1591426800,98.83,100.9,N,36,19,,72,13.6,18.8,,,24100,2.8,,3,,
"2020-06-06 02:00:00 EDT",1591423200,98.89,100.9,WNW,29,8,,77,14.9,19.1,,,24100,2.9,,6,,
"2020-06-06 01:00:00 EDT",1591419600,98.83,100.9,N,35,8,,64,12.7,19.7,,,24100,3.1,,2,,
"2020-06-06 00:00:00 EDT",1591416000,98.85,100.9,WNW,30,4,,62,13,20.5,,,24100,3.2,,2,,
"2020-06-05 23:00:00 EDT",1591412400,98.87,100.9,NNW,34,16,,57,13.1,22,,25,24100,3.5,,5,,
"2020-06-05 22:00:00 EDT",1591408800,98.86,100.9,NNW,34,20,,54,13.8,23.4,,27,24100,3.6,,7,,
"2020-06-05 21:00:00 EDT",1591405200,98.82,100.9,NW,31,18,,55,14.9,24.4,,28,24100,3.7,,7,,
"2020-06-05 20:00:00 EDT",1591401600,98.81,100.9,WSW,24,14,,71,16.9,22.4,,28,24100,3.6,,7,,
"2020-06-05 19:00:00 EDT",1591398000,98.75,100.8,S,18,16,,63,17.6,24.9,,31,24100,3.6,,8,,
"2020-06-05 18:00:00 EDT",1591394400,98.74,100.8,SSE,16,14,,66,17.8,24.5,,30,24100,3.5,,7,,
"2020-06-05 17:00:00 EDT",1591390800,98.78,100.8,SSE,15,21,39,66,17.8,24.5,,30,24100,3.4,,6,,
"2020-06-05 16:00:00 EDT",1591387200,98.8,100.8,SE,14,19,,67,18.9,25.4,,32,24100,3.5,,4,,
"2020-06-05 15:00:00 EDT",1591383600,98.85,100.9,SSW,20,20,,65,17.5,24.4,,30,24100,3.5,,6,,
"2020-06-05 14:00:00 EDT",1591380000,98.84,100.88,ESE,11,16,,68,19.7,26,,33,24100,3.4,,7,,
"2020-06-05 13:00:00 EDT",1591376400,98.9,100.9,SSW,21,10,31,56,18.2,27.6,,34,24100,3.3,,6,,
"2020-06-05 12:00:00 EDT",1591372800,98.97,101,ESE,12,16,,70,20.1,25.8,,33,17700,3.2,,7,,
"2020-06-05 11:00:00 EDT",1591369200,98.99,101,SE,14,11,,71,19.2,24.6,,32,19300,3.3,,2,,
"2020-06-05 10:00:00 EDT",1591365600,98.99,101,SE,14,12,,72,18.7,24,,31,24100,3.3,,1,,
"2020-06-05 09:00:00 EDT",1591362000,98.99,101,SW,22,5,,71,17.4,23,,29,24100,3.2,,1,,
"2020-06-05 08:00:00 EDT",1591358400,98.96,101,SSE,17,4,,76,16.7,20.9,,26,24100,2.9,,2,,
"2020-06-05 07:00:00 EDT",1591354800,98.97,101,N,36,1,,80,16.1,19.6,,,24100,2.7,,3,,
"2020-06-05 06:00:00 EDT",1591351200,98.94,101,N,36,3,,75,14.1,18.6,,,24100,2.7,,2,,
"2020-06-05 05:00:00 EDT",1591347600,98.91,100.9,SSE,15,7,,64,12.1,19,,,24100,2.8,,1,,
"2020-06-05 04:00:00 EDT",1591344000,98.88,100.9,S,19,5,,65,11.7,18.2,,,24100,2.9,,1,,
"2020-06-05 03:00:00 EDT",1591340400,98.85,100.9,NW,33,9,,65,12.2,18.8,,,24100,3,,1,,
"2020-06-05 02:00:00 EDT",1591336800,98.85,100.9,NNW,34,9,,66,13.4,19.9,,,24100,3,,1,,
"2020-06-05 01:00:00 EDT",1591333200,98.86,100.9,NNE,3,7,,62,12.9,20.2,,,24100,3.3,,7,,
"2020-06-05 00:00:00 EDT",1591329600,98.88,100.9,NNW,34,9,,64,14.6,21.5,,25,24100,3.4,,7,,
"2020-06-04 23:00:00 EDT",1591326000,98.88,100.9,WNW,30,8,,64,15.9,23,,28,24100,3.5,,7,,
"2020-06-04 22:00:00 EDT",1591322400,98.83,100.9,WSW,24,13,,62,16,23.5,,28,24100,3.5,,7,,
"2020-06-04 21:00:00 EDT",1591318800,98.77,100.8,SW,24,14,,53,14.9,25,,29,24100,3.5,,8,,
"2020-06-04 20:00:00 EDT",1591315200,98.73,100.8,WSW,24,19,,50,15.3,26.5,,31,24100,3.6,,8,,
"2020-06-04 19:00:00 EDT",1591311600,98.7,100.7,SSW,21,18,,48,15.7,27.4,,32,24100,3.7,,7,,
"2020-06-04 18:00:00 EDT",1591308000,98.65,100.7,SSW,19,9,,44,14.7,27.9,,32,24100,3.9,,7,,
"2020-06-04 17:00:00 EDT",1591304400,98.63,100.7,WNW,29,15,,37,13,29.1,,32,24100,3.9,,6,,
"2020-06-04 16:00:00 EDT",1591300800,98.64,100.7,W,28,17,,39,14,29.3,,33,24100,3.9,,5,,
"2020-06-04 15:00:00 EDT",1591297200,98.68,100.7,W,27,16,28,35,13,29.6,,32,24100,3.9,,5,,
"2020-06-04 14:00:00 EDT",1591293600,98.68,100.7,WSW,26,19,35,38,14,29.5,,33,24100,3.8,,4,,
"2020-06-04 13:00:00 EDT",1591290000,98.75,100.8,SW,23,21,40,44,15.2,28.6,,33,24100,3.5,,3,,
"2020-06-04 12:00:00 EDT",1591286400,98.77,100.8,WSW,25,25,40,41,14.1,28.5,,32,24100,3.2,,4,,
"2020-06-04 11:00:00 EDT",1591282800,98.77,100.8,W,28,31,41,42,13.7,27.6,,31,24100,3.1,,4,,
"2020-06-04 10:00:00 EDT",1591279200,98.74,100.8,W,26,10,,51,15.1,26,,30,24100,3,,3,,
"2020-06-04 09:00:00 EDT",1591275600,98.76,100.8,WSW,25,16,,60,14.9,22.9,,27,24100,2.9,,4,,
"2020-06-04 08:00:00 EDT",1591272000,98.75,100.8,SSW,20,7,,57,12.2,21,,,24100,2.7,,2,,
"2020-06-04 07:00:00 EDT",1591268400,98.74,100.8,SSE,17,5,,68,12.8,18.9,,,24100,2.6,,2,,
"2020-06-04 06:00:00 EDT",1591264800,98.74,100.8,W,28,8,,71,11.4,16.5,,,24100,2.5,,2,,
"2020-06-04 05:00:00 EDT",1591261200,98.71,100.8,WSW,24,9,,79,12.2,15.8,,,24100,2.6,,1,,
"2020-06-04 04:00:00 EDT",1591257600,98.7,100.7,NW,31,7,,72,12.4,17.5,,,24100,2.7,,5,,
"2020-06-04 03:00:00 EDT",1591254000,98.7,100.7,W,27,5,,78,13.3,17.1,,,24100,2.7,,6,,
"2020-06-04 02:00:00 EDT",1591250400,98.7,100.7,W,27,9,,81,13.6,16.9,,,24100,2.7,,6,,
"2020-06-04 01:00:00 EDT",1591246800,98.68,100.7,W,27,11,,79,12.3,15.9,,,24100,2.7,,3,,
"2020-06-04 00:00:00 EDT",1591243200,98.68,100.7,W,27,12,,76,13,17.1,,,24100,2.7,,0,,
"2020-06-03 23:00:00 EDT",1591239600,98.64,100.7,W,28,10,,73,13.4,18.3,,,24100,2.7,,0,,
"2020-06-03 22:00:00 EDT",1591236000,98.57,100.6,WNW,29,14,,69,15.1,21,,25,24100,2.7,,0,,
"2020-06-03 21:00:00 EDT",1591232400,98.5,100.5,NW,31,13,,67,15.8,22.1,,27,24100,2.7,,1,,
"2020-06-03 20:00:00 EDT",1591228800,98.43,100.5,N,35,21,,61,15.4,23.4,,28,24100,2.9,,4,,
"2020-06-03 19:00:00 EDT",1591225200,98.37,100.4,NW,31,35,,43,12.4,25.8,,28,24100,3.1,,5,,
"2020-06-03 18:00:00 EDT",1591221600,98.32,100.4,NW,31,35,,41,13.1,27,,30,24100,3.1,,5,,
"2020-06-03 17:00:00 EDT",1591218000,98.28,100.3,WNW,30,33,47,44,14,27,,30,24100,2.9,,6,,
"2020-06-03 16:00:00 EDT",1591214400,98.3,100.3,WNW,29,25,38,51,16.3,27.1,,32,24100,3,,6,,
"2020-06-03 15:00:00 EDT",1591210800,98.26,100.3,NW,31,26,,56,17.3,26.7,,32,24100,3,,6,,
"2020-06-03 14:00:00 EDT",1591207200,98.29,100.3,WNW,30,27,37,61,17,25,,30,24100,3,,7,,
"2020-06-03 13:00:00 EDT",1591203600,98.28,100.3,WNW,30,27,,64,17.4,24.6,,30,24100,2.9,,7,,
"2020-06-03 12:00:00 EDT",1591200000,98.27,100.3,WNW,29,22,,73,18.3,23.2,,29,24100,2.9,,7,,
"2020-06-03 11:00:00 EDT",1591196400,98.31,100.4,W,27,23,,77,17.6,21.8,,28,24100,2.9,,8,,
"2020-06-03 10:00:00 EDT",1591192800,98.33,100.4,SW,23,25,,87,17,19.2,,,24100,3,,8,,
"2020-06-03 09:00:00 EDT",1591189200,98.31,100.4,SSW,21,11,,93,17.1,18.3,,,19300,3.1,,8,,
"2020-06-03 08:00:00 EDT",1591185600,98.17,100.2,NNE,2,6,,91,16.3,17.8,,,24100,2.9,,8,,
"2020-06-03 07:00:00 EDT",1591182000,98.39,100.4,N,1,14,,92,16.6,17.9,,,16100,2.8,,8,,
"2020-06-03 06:00:00 EDT",1591178400,98.41,100.5,SSW,20,6,,97,16.3,16.8,,,2400,2.6,,8,,
"2020-06-03 05:00:00 EDT",1591174800,98.38,100.4,SSW,21,9,,95,14.5,15.3,,,9700,2.6,,8,,
"2020-06-03 04:00:00 EDT",1591171200,98.36,100.4,N,36,1,,87,12.8,15,,,24100,2.8,,8,,
"2020-06-03 03:00:00 EDT",1591167600,98.41,100.5,N,35,8,,91,13,14.4,,,24100,2.9,,6,,
"2020-06-03 02:00:00 EDT",1591164000,98.4,100.4,NNE,2,10,,90,13.1,14.7,,,16100,2.9,,5,,
"2020-06-03 01:00:00 EDT",1591160400,98.45,100.5,N,1,7,,94,14.4,15.4,,,16100,3,,4,,
"2020-06-03 00:00:00 EDT",1591156800,98.43,100.5,ENE,7,10,,97,15.7,16.1,,,12900,3.3,,4,,
"2020-06-02 23:00:00 EDT",1591153200,98.46,100.5,ENE,6,11,,95,17.1,17.9,,,9700,3.5,,7,,
"2020-06-02 22:00:00 EDT",1591149600,98.42,100.5,NNW,34,22,37,74,17.2,22.1,,28,16100,3.6,,8,,
"2020-06-02 21:00:00 EDT",1591146000,98.49,100.5,SE,14,14,,65,13.9,20.6,,,24100,3.7,,7,,
"2020-06-02 20:00:00 EDT",1591142400,98.5,100.5,WNW,28,25,36,57,17.7,26.6,,32,24100,3.7,,7,,
"2020-06-02 19:00:00 EDT",1591138800,98.53,100.6,S,19,4,,62,16.1,23.6,,28,24100,3.6,,7,,
"2020-06-02 18:00:00 EDT",1591135200,98.58,100.6,SSE,15,18,28,59,14.3,22.6,,26,24100,3.5,,7,,
"2020-06-02 17:00:00 EDT",1591131600,98.65,100.7,SE,13,13,,54,14.1,23.8,,27,24100,3.5,,7,,
"2020-06-02 16:00:00 EDT",1591128000,98.67,100.7,SE,14,8,,52,14.4,24.6,,28,24100,3.4,,4,,
"2020-06-02 15:00:00 EDT",1591124400,98.74,100.8,WSW,25,11,30,52,14.9,25.4,,29,24100,3.3,,5,,
"2020-06-02 14:00:00 EDT",1591120800,98.8,100.8,SSE,16,10,,51,12.6,23.1,,26,24100,3.1,,6,,
"2020-06-02 13:00:00 EDT",1591117200,98.93,101,WSW,25,18,,56,13.8,22.8,,26,24100,2.9,,2,,
"2020-06-02 12:00:00 EDT",1591113600,99.06,101.1,SSW,20,19,30,56,11.2,20,,,24100,2.8,,6,,
"2020-06-02 11:00:00 EDT",1591110000,99.14,101.2,SSW,20,16,27,71,11.8,17.2,,,24100,2.7,,8,,
"2020-06-02 10:00:00 EDT",1591106400,99.23,101.3,SSW,20,17,,77,11.3,15.2,,,24100,2.6,,8,,
"2020-06-02 09:00:00 EDT",1591102800,99.33,101.4,SSE,16,10,,83,11.4,14.2,,,24100,2.5,,8,,
"2020-06-02 08:00:00 EDT",1591099200,99.35,101.4,SSE,17,10,,83,10.9,13.8,,,24100,,,8,,
"2020-06-02 07:00:00 EDT",1591095600,99.4,101.5,SE,14,10,,86,11.1,13.3,,,24100,,,8,,
"2020-06-02 06:00:00 EDT",1591092000,99.45,101.5,SW,23,4,,86,10.9,13.1,,,24100,2.7,,8,,
"2020-06-02 05:00:00 EDT",1591088400,99.56,101.64,WSW,25,17,,83,10.4,13.3,,,16100,2.7,,8,,
"2020-06-02 04:00:00 EDT",1591084800,99.57,101.6,WSW,25,22,,70,8.8,14.1,,,16100,2.6,,8,,
"2020-06-02 03:00:00 EDT",1591081200,99.52,101.6,WSW,26,19,,48,5.5,16.5,,,24100,2.6,,8,,
"2020-06-02 02:00:00 EDT",1591077600,99.58,101.7,WSW,24,18,,42,3.8,16.6,,,24100,2.7,,8,,
"2020-06-02 01:00:00 EDT",1591074000,99.63,101.7,WSW,24,18,,40,3.3,16.9,,,24100,2.9,,8,,
"2020-06-02 00:00:00 EDT",1591070400,99.65,101.7,WSW,24,14,,42,4,16.9,,,24100,2.9,,8,,
"2020-06-01 23:00:00 EDT",1591066800,99.72,101.8,SW,23,14,,41,3.7,17.1,,,24100,2.9,,6,,
"2020-06-01 22:00:00 EDT",1591063200,99.73,101.8,SW,23,16,,40,4.2,17.8,,,24100,,,2,,
"2020-06-01 21:00:00 EDT",1591059600,99.71,101.8,W,27,11,,36,2.4,17.4,,,24100,2.5,,4,,
"2020-06-01 20:00:00 EDT",1591056000,99.73,101.8,W,28,23,,29,2.3,20.6,,,24100,2.5,,3,,
"2020-06-01 19:00:00 EDT",1591052400,99.74,101.8,W,27,29,,28,2.5,21.8,,,24100,2.7,,3,,
"2020-06-01 18:00:00 EDT",1591048800,99.76,101.9,WNW,29,29,40,27,3.3,23,,,24100,2.7,,3,,
"2020-06-01 17:00:00 EDT",1591045200,99.78,101.9,W,28,22,40,28,4.1,23.3,,,24100,2.7,,2,,
"2020-06-01 16:00:00 EDT",1591041600,99.83,101.9,W,27,37,,27,3.5,23.2,,,24100,2.6,,2,,
"2020-06-01 15:00:00 EDT",1591038000,99.9,102,W,26,28,51,26,2.8,22.9,,,24100,2.5,,2,,
"2020-06-01 14:00:00 EDT",1591034400,99.99,102.1,W,27,34,,26,2,22,,,24100,2.4,,2,,
"2020-06-01 13:00:00 EDT",1591030800,100.09,102.2,W,27,23,33,31,3.4,20.9,,,24100,2.4,,1,,
"2020-06-01 12:00:00 EDT",1591027200,100.17,102.3,SW,23,19,31,29,1.1,19.6,,,24100,2.3,,3,,
"2020-06-01 11:00:00 EDT",1591023600,100.22,102.3,W,26,19,29,35,3.7,19.5,,,24100,2.3,,3,,
"2020-06-01 10:00:00 EDT",1591020000,100.25,102.4,WNW,29,12,,45,4.6,16.5,,,24100,2.4,,1,,
"2020-06-01 09:00:00 EDT",1591016400,100.3,102.4,NW,31,9,,48,4.3,15,,,24100,2.4,,3,,
"2020-06-01 08:00:00 EDT",1591012800,100.34,102.5,NW,32,9,,58,4.2,12.3,,,24100,2.4,,5,,
"2020-06-01 07:00:00 EDT",1591009200,100.32,102.4,NW,32,10,,67,3.6,9.5,,,24100,2.4,,6,,
"2020-06-01 06:00:00 EDT",1591005600,100.26,102.4,WNW,29,14,,67,2.7,8.4,,,24100,2.2,,4,,
"2020-06-01 05:00:00 EDT",1591002000,100.22,102.3,W,28,18,,62,2.1,9,,,24100,2.2,,7,,
"2020-06-01 04:00:00 EDT",1590998400,100.17,102.3,W,26,21,,62,2,9,,,24100,2.2,,3,,
"2020-06-01 03:00:00 EDT",1590994800,100.19,102.3,WSW,26,15,,65,2.3,8.5,,,24100,2.2,,1,,
"2020-06-01 02:00:00 EDT",1590991200,100.2,102.3,WSW,26,16,,62,2.2,8.9,,,24100,2.1,,2,,
"2020-06-01 01:00:00 EDT",1590987600,100.23,102.3,WSW,26,15,,60,2.4,9.8,,,24100,2.2,,4,,
"2020-06-01 00:00:00 EDT",1590984000,100.24,102.4,W,26,16,,54,2.4,11.4,,,24100,2.3,,6,,
"2020-05-31 23:00:00 EDT",1590980400,100.29,102.4,NW,32,11,,65,5.6,11.9,,,24100,2.3,,8,,
"2020-05-31 22:00:00 EDT",1590976800,100.28,102.4,S,18,7,,50,2.5,12.6,,,24100,,,8,,
"2020-05-31 21:00:00 EDT",1590973200,100.23,102.3,NW,31,7,,43,0.8,13.1,,,24100,,,8,,
"2020-05-31 20:00:00 EDT",1590969600,100.25,102.4,NW,31,20,33,46,2.2,13.6,,,24100,,,7,,
"2020-05-31 19:00:00 EDT",1590966000,100.21,102.3,NNW,35,3,,40,1.1,14.3,,,24100,,,8,,
"2020-05-31 18:00:00 EDT",1590962400,100.21,102.3,N,36,18,,40,1,14.3,,,24100,2.1,,8,,
"2020-05-31 17:00:00 EDT",1590958800,100.21,102.3,NW,31,20,35,33,-1,15,,,24100,2.1,,7,,
"2020-05-31 16:00:00 EDT",1590955200,100.26,102.4,W,27,18,32,37,0.6,15.3,,,24100,2.1,,5,,
"2020-05-31 15:00:00 EDT",1590951600,100.29,102.4,NW,31,12,33,33,-1.7,14.4,,,24100,2,,4,,
"2020-05-31 14:00:00 EDT",1590948000,100.31,102.4,N,36,18,44,39,0.1,13.7,,,24100,2,,4,,
"2020-05-31 13:00:00 EDT",1590944400,100.33,102.4,N,1,29,44,35,-1,14,,,24100,1.8,,5,,
"2020-05-31 12:00:00 EDT",1590940800,100.33,102.4,NW,33,23,43,41,0.8,13.8,,,24100,1.7,,6,,
"2020-05-31 11:00:00 EDT",1590937200,100.37,102.5,NW,32,23,42,42,-0.1,12.5,,,24100,1.7,,5,,
"2020-05-31 10:00:00 EDT",1590933600,100.33,102.5,N,35,27,,43,-0.5,11.8,,,24100,1.6,,2,,
"2020-05-31 09:00:00 EDT",1590930000,100.32,102.4,N,36,24,,48,0.3,10.8,,,24100,1.6,,2,,
"2020-05-31 08:00:00 EDT",1590926400,100.25,102.4,NNW,34,21,,64,3,9.4,,,24100,1.5,,1,,
"2020-05-31 07:00:00 EDT",1590922800,100.17,102.3,NNW,34,19,,74,3.8,8.1,,,24100,1.5,,1,,
"2020-05-31 06:00:00 EDT",1590919200,100.12,102.2,NNW,34,20,31,84,4.9,7.4,,,24100,1.4,,7,,
"2020-05-31 05:00:00 EDT",1590915600,100.03,102.1,NW,32,22,,83,3.9,6.6,,,24100,1.5,,1,,
"2020-05-31 04:00:00 EDT",1590912000,99.98,102.1,NW,32,18,,81,3.8,6.8,,,24100,1.4,,1,,
"2020-05-31 03:00:00 EDT",1590908400,99.96,102.1,NW,31,21,,75,3.8,8.1,,,24100,1.4,,0,,
"2020-05-31 02:00:00 EDT",1590904800,99.94,102,WNW,28,16,,74,3.7,8,,,24100,1.4,,0,,
"2020-05-31 01:00:00 EDT",1590901200,99.93,102,WNW,29,20,,70,4.1,9.3,,,24100,1.4,,0,,
"2020-05-31 00:00:00 EDT",1590897600,99.92,102,WNW,30,17,,68,4.6,10.1,,,24100,1.4,,0,,
"2020-05-30 23:00:00 EDT",1590894000,99.93,102,NW,32,16,,71,5.4,10.3,,,24100,1.4,,0,,
"2020-05-30 22:00:00 EDT",1590890400,99.88,102,N,35,17,,68,5.2,10.9,,,24100,1.4,,1,,
"2020-05-30 21:00:00 EDT",1590886800,99.79,101.9,NNW,35,19,,63,5.5,12.4,,,24100,1.4,,2,,
"2020-05-30 20:00:00 EDT",1590883200,99.71,101.8,NNW,35,21,,56,5.3,14,,,24100,1.3,,4,,
"2020-05-30 19:00:00 EDT",1590879600,99.65,101.7,NNW,34,27,,55,5.6,14.4,,,24100,1.2,,4,,
"2020-05-30 18:00:00 EDT",1590876000,99.59,101.7,NW,32,34,,55,7,16,,,24100,1.1,,5,,
"2020-05-30 17:00:00 EDT",1590872400,99.54,101.6,NW,31,38,48,56,7.2,15.9,,,24100,1.2,,6,,
"2020-05-30 16:00:00 EDT",1590868800,99.49,101.6,WNW,30,37,,65,8.7,15.1,,,24100,1.5,,7,,
"2020-05-30 15:00:00 EDT",1590865200,99.42,101.5,WNW,30,40,52,64,8.8,15.5,,,24100,1.9,,7,,
"2020-05-30 14:00:00 EDT",1590861600,99.34,101.4,WNW,29,41,,59,9.4,17.3,,,24100,2.2,,7,,
"2020-05-30 13:00:00 EDT",1590858000,99.29,101.4,WNW,29,32,42,62,10.8,18.1,,,24100,2.5,,7,,
"2020-05-30 12:00:00 EDT",1590854400,99.24,101.3,W,28,21,32,67,11.7,17.9,,,24100,2.5,,7,,
"2020-05-30 11:00:00 EDT",1590850800,99.28,101.4,WSW,25,12,,72,12.5,17.6,,,24100,2.3,,6,,
"2020-05-30 10:00:00 EDT",1590847200,99.34,101.4,SSW,21,12,,66,10.6,17,,,24100,2.2,,7,,
"2020-05-30 09:00:00 EDT",1590843600,99.36,101.4,SW,23,4,,71,10.5,15.7,,,24100,2.1,,7,,
"2020-05-30 08:00:00 EDT",1590840000,99.39,101.5,WSW,24,9,,82,11.4,14.3,,,24100,2,,7,,
"2020-05-30 07:00:00 EDT",1590836400,99.4,101.5,WSW,24,10,,89,11.3,13.1,,,24100,1.9,,7,,
"2020-05-30 06:00:00 EDT",1590832800,99.39,101.5,WSW,24,9,,93,10.8,11.9,,,24100,1.9,,7,,
"2020-05-30 05:00:00 EDT",1590829200,99.36,101.4,SW,23,8,,89,10,11.7,,,24100,1.9,,7,,
"2020-05-30 04:00:00 EDT",1590825600,99.35,101.4,WSW,26,8,,93,9.7,10.8,,,24100,1.9,,3,,
"2020-05-30 03:00:00 EDT",1590822000,99.31,101.4,WNW,29,10,,88,10.2,12.1,,,24100,2,,2,,
"2020-05-30 02:00:00 EDT",1590818400,99.29,101.4,W,27,8,,91,10,11.5,,,24100,2.1,,0,,
"2020-05-30 01:00:00 EDT",1590814800,99.26,101.3,W,28,17,,89,10.6,12.3,,,24100,2.2,,0,,
"2020-05-30 00:00:00 EDT",1590811200,99.22,101.3,WNW,28,17,,86,10.8,13.1,,,24100,2.3,,1,,
"2020-05-29 23:00:00 EDT",1590807600,99.2,101.3,W,28,20,,84,11.1,13.8,,,24100,2.5,,1,,
"2020-05-29 22:00:00 EDT",1590804000,99.17,101.2,WNW,29,23,,77,11.1,15.2,,,24100,2.4,,3,,
"2020-05-29 21:00:00 EDT",1590800400,99.08,101.13,WNW,30,23,33,73,11.4,16.2,,,24100,2.3,,7,,
"2020-05-29 20:00:00 EDT",1590796800,98.99,101.04,NW,31,28,,75,12,16.5,,,24100,2.1,,8,,
"2020-05-29 19:00:00 EDT",1590793200,98.87,100.92,NNW,33,26,,82,13.4,16.5,,,24100,2.2,,8,,
"2020-05-29 18:00:00 EDT",1590789600,98.83,100.9,NW,31,34,44,86,14.9,17.2,,,19300,2.5,,8,,
"2020-05-29 17:00:00 EDT",1590786000,98.75,100.8,NW,31,30,,83,15.7,18.5,,,19300,2.7,,8,,
"2020-05-29 16:00:00 EDT",1590782400,98.64,100.7,W,28,32,,84,17.4,20.1,,26,24100,2.7,,7,,
"2020-05-29 15:00:00 EDT",1590778800,98.57,100.6,SSW,20,28,45,66,18.4,25.1,,31,24100,2.5,,7,,
"2020-05-29 14:00:00 EDT",1590775200,98.65,100.7,SSW,20,28,39,67,17.8,24.2,,30,24100,2.3,,7,,
"2020-05-29 13:00:00 EDT",1590771600,98.72,100.8,S,17,18,,83,20.1,23.1,,31,24100,2.2,,6,,
"2020-05-29 12:00:00 EDT",1590768000,98.84,100.9,S,18,19,,85,18.8,21.3,,28,24100,2.2,,8,,
"2020-05-29 11:00:00 EDT",1590764400,98.91,101,SSW,19,13,31,88,19.1,21.1,,28,19300,2.2,,7,,
"2020-05-29 10:00:00 EDT",1590760800,98.92,101,S,17,11,,76,18.6,23.1,,30,24100,2.2,,8,,
"2020-05-29 09:00:00 EDT",1590757200,98.98,101,SW,23,9,,80,18.3,21.8,,28,24100,2.1,,8,,
"2020-05-29 08:00:00 EDT",1590753600,99,101.1,SSW,21,13,,80,17.6,21.2,,27,24100,1.9,,7,,
"2020-05-29 07:00:00 EDT",1590750000,98.99,101,S,19,8,,84,16.9,19.6,,,24100,1.8,,5,,
"2020-05-29 06:00:00 EDT",1590746400,98.92,101,SW,22,10,,87,16.9,19.1,,,24100,1.7,,5,,
"2020-05-29 05:00:00 EDT",1590742800,98.94,101,SSW,20,13,,87,17.3,19.5,,,24100,1.7,,7,,
"2020-05-29 04:00:00 EDT",1590739200,98.92,101,SW,23,13,,89,17.5,19.4,,,24100,1.5,,4,,
"2020-05-29 03:00:00 EDT",1590735600,98.97,101,SSW,21,13,,90,17.8,19.5,,,24100,1.4,,3,,
"2020-05-29 02:00:00 EDT",1590732000,98.95,101,SSW,20,14,,91,18.1,19.6,,,24100,1.5,,1,,
"2020-05-29 01:00:00 EDT",1590728400,99.01,101.1,SSE,16,8,,98,17.7,18.1,,,16100,1.7,,6,,
"2020-05-29 00:00:00 EDT",1590724800,99.01,101.1,SSE,15,9,,99,18.1,18.3,,,9700,1.9,,7,,
"2020-05-28 23:00:00 EDT",1590721200,99.07,101.1,S,18,12,,100,18.5,18.5,,,1600,2,,1,,
"2020-05-28 22:00:00 EDT",1590717600,99.06,101.1,SSE,15,9,,99,18.1,18.3,,,6400,2.1,,6,,
"2020-05-28 21:00:00 EDT",1590714000,99.08,101.1,S,18,11,,99,18.8,19,,,3600,2.2,,8,,
"2020-05-28 20:00:00 EDT",1590710400,99.07,101.1,SSW,21,8,,95,18.9,19.8,,,12900,2.2,,7,,
"2020-05-28 19:00:00 EDT",1590706800,99.08,101.1,SW,23,9,,97,19.1,19.7,,,12900,2.2,,7,,
"2020-05-28 18:00:00 EDT",1590703200,99.1,101.2,SW,23,6,,98,19.2,19.5,,,4800,2.2,,8,,
"2020-05-28 17:00:00 EDT",1590699600,99.11,101.2,NNW,34,5,,94,18.2,19.2,,,4800,2.2,,8,,
"2020-05-28 16:00:00 EDT",1590696000,99.12,101.2,SSE,16,8,,97,19.6,20.1,,27,6400,2.3,,8,,
"2020-05-28 15:00:00 EDT",1590692400,99.18,101.2,E,10,11,,95,19.6,20.4,,28,8100,2.3,,8,,
"2020-05-28 14:00:00 EDT",1590688800,99.25,101.3,ESE,10,5,,90,18.9,20.6,,27,9700,2.3,,8,,
"2020-05-28 13:00:00 EDT",1590685200,99.32,101.4,SE,14,12,,76,17.5,22,,28,19300,2.1,,8,,
"2020-05-28 12:00:00 EDT",1590681600,99.35,101.4,SE,14,13,,72,17.1,22.2,,28,24100,2,,8,,
"2020-05-28 11:00:00 EDT",1590678000,99.43,101.5,SSE,15,12,,76,16.7,21.1,,26,24100,2,,8,,
"2020-05-28 10:00:00 EDT",1590674400,99.47,101.5,SSE,16,10,,77,16.3,20.3,,25,24100,2,,8,,
"2020-05-28 09:00:00 EDT",1590670800,99.49,101.6,SE,13,9,,79,15.9,19.6,,,24100,2,,8,,
"2020-05-28 08:00:00 EDT",1590667200,99.5,101.6,ESE,12,7,,76,16.3,20.6,,25,24100,1.9,,7,,
"2020-05-28 07:00:00 EDT",1590663600,99.52,101.6,ESE,11,6,,77,15.7,19.9,,,24100,2.1,,7,,
"2020-05-28 06:00:00 EDT",1590660000,99.56,101.6,SE,14,8,,76,15.2,19.5,,,24100,2.2,,7,,
"2020-05-28 05:00:00 EDT",1590656400,99.55,101.6,SE,14,7,,76,15.2,19.6,,,24100,2.3,,7,,
"2020-05-28 04:00:00 EDT",1590652800,99.55,101.6,SE,15,5,,74,15.3,19.9,,,24100,2.5,,3,,
"2020-05-28 03:00:00 EDT",1590649200,99.57,101.6,SW,22,5,,72,15.2,20.3,,,24100,2.9,,3,,
"2020-05-28 02:00:00 EDT",1590645600,99.6,101.7,SE,15,7,,72,15,20.1,,,24100,3.2,,2,,
"2020-05-28 01:00:00 EDT",1590642000,99.61,101.7,SE,13,9,,70,14.9,20.5,,,24100,3.5,,2,,
"2020-05-28 00:00:00 EDT",1590638400,99.62,101.7,N,36,1,,68,14.7,20.8,,25,24100,3.5,,2,,
"2020-05-27 23:00:00 EDT",1590634800,99.64,101.7,SSE,16,7,,65,14.8,21.4,,25,24100,3.5,,0,,
"2020-05-27 22:00:00 EDT",1590631200,99.63,101.7,SE,14,10,,67,15.1,21.3,,25,24100,3.4,,1,,
"2020-05-27 21:00:00 EDT",1590627600,99.58,101.6,SSE,15,11,,66,15.5,22.1,,26,24100,3.3,,3,,
"2020-05-27 20:00:00 EDT",1590624000,99.57,101.6,SE,14,11,,57,15.4,24.5,,29,24100,3.2,,2,,
"2020-05-27 19:00:00 EDT",1590620400,99.55,101.6,SSE,16,14,,46,14.9,27.2,,31,24100,3.1,,2,,
"2020-05-27 18:00:00 EDT",1590616800,99.58,101.6,SSE,16,15,,45,15,28,,32,24100,3.2,,3,,
"2020-05-27 17:00:00 EDT",1590613200,99.63,101.7,SSE,16,17,,48,16.6,28.3,,33,24100,3.4,,4,,
"2020-05-27 16:00:00 EDT",1590609600,99.67,101.7,SSE,15,15,,53,16.9,27,,32,24100,3.4,,7,,
"2020-05-27 15:00:00 EDT",1590606000,99.71,101.8,SSE,15,19,,55,17.4,27.1,,33,24100,3.4,,8,,
"2020-05-27 14:00:00 EDT",1590602400,99.76,101.8,SSE,15,15,,56,17.1,26.5,,32,24100,3.3,,7,,
"2020-05-27 13:00:00 EDT",1590598800,99.78,101.8,SSE,15,16,,55,16.6,26.1,,31,24100,3.2,,8,,
"2020-05-27 12:00:00 EDT",1590595200,99.79,101.8,S,17,18,,54,16.4,26.3,,31,24100,3.1,,8,,
"2020-05-27 11:00:00 EDT",1590591600,99.79,101.8,SSE,15,15,,57,17.1,26.2,,32,24100,3.1,,7,,
"2020-05-27 10:00:00 EDT",1590588000,99.8,101.9,SE,14,13,,60,17.5,25.7,,31,24100,3.3,,7,,
"2020-05-27 09:00:00 EDT",1590584400,99.83,101.9,S,19,12,,59,17,25.4,,31,24100,3.5,,7,,
"2020-05-27 08:00:00 EDT",1590580800,99.85,101.9,SSW,20,13,,56,15.8,24.9,,29,24100,3.5,,6,,
"2020-05-27 07:00:00 EDT",1590577200,99.83,101.9,WSW,25,5,,80,17.9,21.6,,28,24100,3.3,,4,,
"2020-05-27 06:00:00 EDT",1590573600,99.81,101.9,WSW,25,6,,83,16.3,19.2,,,19300,3.4,,2,,
"2020-05-27 05:00:00 EDT",1590570000,99.78,101.8,WSW,24,5,,84,17,19.7,,,24100,3.3,,1,,
"2020-05-27 04:00:00 EDT",1590566400,99.77,101.8,N,36,2,,79,17.3,21,,26,24100,3.2,,0,,
"2020-05-27 03:00:00 EDT",1590562800,99.77,101.8,N,36,2,,79,17.5,21.2,,27,24100,3.2,,0,,
"2020-05-27 02:00:00 EDT",1590559200,99.79,101.8,N,36,1,,76,17.5,21.9,,28,24100,3.5,,0,,
"2020-05-27 01:00:00 EDT",1590555600,99.8,101.9,N,36,1,,77,17.3,21.5,,27,24100,3.6,,0,,
"2020-05-27 00:00:00 EDT",1590552000,99.81,101.9,N,36,2,,73,17.4,22.3,,28,24100,3.7,,0,,
"2020-05-26 23:00:00 EDT",1590548400,99.79,101.8,ESE,12,3,,69,17.5,23.3,,29,24100,3.7,,1,,
"2020-05-26 22:00:00 EDT",1590544800,99.76,101.8,SSE,15,7,,71,17.4,23,,29,24100,3.8,,1,,
"2020-05-26 21:00:00 EDT",1590541200,99.69,101.7,SE,14,12,,67,17.5,23.8,,29,24100,3.8,,1,,
"2020-05-26 20:00:00 EDT",1590537600,99.68,101.73,SSE,15,13,,68,17.6,23.7,,29,24100,3.8,,1,,
"2020-05-26 19:00:00 EDT",1590534000,99.66,101.71,SE,14,12,,56,18.2,27.7,,34,24100,3.7,,2,,
"2020-05-26 18:00:00 EDT",1590530400,99.63,101.7,SSE,16,9,,50,18.6,29.8,,36,24100,3.6,,2,,
"2020-05-26 17:00:00 EDT",1590526800,99.68,101.7,SSE,16,14,,50,18.7,30,,37,24100,3.4,,2,,
"2020-05-26 16:00:00 EDT",1590523200,99.73,101.8,SSE,16,15,,48,18.5,30.6,,37,24100,3.4,,2,,
"2020-05-26 15:00:00 EDT",1590519600,99.76,101.8,S,17,22,33,48,18.5,30.4,,37,24100,3.4,,2,,
"2020-05-26 14:00:00 EDT",1590516000,99.82,101.9,SSE,15,17,28,54,19.5,29.7,,37,24100,3.4,,2,,
"2020-05-26 13:00:00 EDT",1590512400,99.86,101.9,S,18,15,,57,19.1,28.2,,35,24100,3.3,,1,,
"2020-05-26 12:00:00 EDT",1590508800,99.89,101.9,SE,14,14,,59,18.4,26.9,,33,24100,3.3,,1,,
"2020-05-26 11:00:00 EDT",1590505200,99.89,101.9,SE,14,13,,61,17.9,25.9,,32,24100,3.3,,1,,
"2020-05-26 10:00:00 EDT",1590501600,99.89,101.9,SSE,15,8,,63,18.1,25.5,,32,24100,3.5,,3,,
"2020-05-26 09:00:00 EDT",1590498000,99.91,102,SSE,15,5,,71,17.6,23.1,,29,24100,3.5,,7,,
"2020-05-26 08:00:00 EDT",1590494400,99.9,102,N,36,2,,76,17,21.3,,27,19300,3.4,,6,,
"2020-05-26 07:00:00 EDT",1590490800,99.88,101.9,NE,4,4,,85,16.2,18.7,,,19300,3.2,,4,,
"2020-05-26 06:00:00 EDT",1590487200,99.83,101.9,SSE,16,4,,91,15.2,16.7,,,16100,3.3,,3,,
"2020-05-26 05:00:00 EDT",1590483600,99.75,101.8,SSE,16,11,,90,15.1,16.8,,,24100,3.3,,3,,
"2020-05-26 04:00:00 EDT",1590480000,99.74,101.8,N,36,2,,79,16.1,19.9,,,24100,3.5,,4,,
"2020-05-26 03:00:00 EDT",1590476400,99.73,101.8,SE,13,5,,80,15.9,19.5,,,24100,3.5,,3,,
"2020-05-26 02:00:00 EDT",1590472800,99.75,101.8,ESE,10,3,,83,15.6,18.6,,,24100,3.7,,1,,
"2020-05-26 01:00:00 EDT",1590469200,99.76,101.8,SSE,15,10,,79,16.1,19.8,,,24100,3.7,,1,,
"2020-05-26 00:00:00 EDT",1590465600,99.72,101.8,SSW,20,4,,75,16.1,20.5,,25,24100,3.7,,3,,
"2020-05-25 23:00:00 EDT",1590462000,99.69,101.7,SSE,15,9,,71,15.8,21.2,,26,24100,3.8,,6,,
"2020-05-25 22:00:00 EDT",1590458400,99.66,101.7,N,36,1,,63,16.1,23.5,,28,24100,3.9,,5,,
"2020-05-25 21:00:00 EDT",1590454800,99.61,101.7,SE,14,9,,64,16.5,23.6,,29,24100,3.9,,7,,
"2020-05-25 20:00:00 EDT",1590451200,99.56,101.6,SSE,16,8,,57,18,27,,33,24100,3.9,,5,,
"2020-05-25 19:00:00 EDT",1590447600,99.55,101.6,SW,22,14,,52,17.4,28,,34,24100,3.9,,6,,
"2020-05-25 18:00:00 EDT",1590444000,99.57,101.6,SSE,15,14,,58,17.5,26.4,,32,24100,3.8,,6,,
"2020-05-25 17:00:00 EDT",1590440400,99.54,101.6,SE,14,16,,58,19.1,28,,35,24100,3.8,,7,,
"2020-05-25 16:00:00 EDT",1590436800,99.57,101.6,SSE,15,17,,56,19.3,28.7,,36,24100,3.7,,6,,
"2020-05-25 15:00:00 EDT",1590433200,99.59,101.6,SSE,15,15,,56,19.7,29.2,,37,24100,3.7,,7,,
"2020-05-25 14:00:00 EDT",1590429600,99.62,101.7,SE,14,11,,54,19.4,29.5,,37,24100,3.5,,7,,
"2020-05-25 13:00:00 EDT",1590426000,99.64,101.7,SSE,15,17,,54,18.9,28.8,,35,24100,3.2,,6,,
"2020-05-25 12:00:00 EDT",1590422400,99.67,101.7,WSW,26,9,,49,18.3,29.9,,36,24100,,,6,,
"2020-05-25 11:00:00 EDT",1590418800,99.66,101.7,SW,23,10,,60,19.2,27.5,,34,24100,2.6,,5,,
"2020-05-25 10:00:00 EDT",1590415200,99.63,101.7,WSW,25,9,,66,19.4,26.2,,33,24100,2.6,,6,,
"2020-05-25 09:00:00 EDT",1590411600,99.59,101.6,WSW,25,11,,69,18.3,24.2,,30,24100,2.4,,8,,
"2020-05-25 08:00:00 EDT",1590408000,99.56,101.6,WSW,26,12,,79,18.7,22.4,,29,24100,2.3,,6,,
"2020-05-25 07:00:00 EDT",1590404400,99.53,101.6,SW,23,14,,84,17.9,20.7,,27,24100,2.3,,3,,
"2020-05-25 06:00:00 EDT",1590400800,99.5,101.6,SW,22,20,,84,17.6,20.4,,26,24100,2.2,,4,,
"2020-05-25 05:00:00 EDT",1590397200,99.45,101.5,SW,22,16,27,82,17.7,20.8,,27,24100,2.2,,7,,
"2020-05-25 04:00:00 EDT",1590393600,99.38,101.4,S,18,9,,84,17.5,20.4,,26,24100,2.3,,2,,
"2020-05-25 03:00:00 EDT",1590390000,99.34,101.4,SW,21,12,,80,17.4,21,,27,24100,2.5,,4,,
"2020-05-25 02:00:00 EDT",1590386400,99.32,101.4,S,17,5,,78,15.4,19.4,,,24100,2.7,,6,,
"2020-05-25 01:00:00 EDT",1590382800,99.3,101.4,SSW,20,9,,72,15.5,20.7,,25,24100,2.8,,7,,
"2020-05-25 00:00:00 EDT",1590379200,99.32,101.4,S,17,7,,73,14,19,,,24100,2.9,,7,,
"2020-05-24 23:00:00 EDT",1590375600,99.3,101.4,SSE,16,4,,73,13.6,18.4,,,24100,2.9,,6,,
"2020-05-24 22:00:00 EDT",1590372000,99.32,101.4,SE,14,5,,73,13.6,18.5,,,24100,2.8,,7,,
"2020-05-24 21:00:00 EDT",1590368400,99.27,101.3,SSE,15,15,,71,13.7,19.1,,,24100,2.7,,6,,
"2020-05-24 20:00:00 EDT",1590364800,99.28,101.4,SE,14,19,,64,14.4,21.3,,25,24100,2.6,,5,,
"2020-05-24 19:00:00 EDT",1590361200,99.33,101.4,SE,14,18,,65,15.5,22.1,,26,24100,2.6,,7,,
"2020-05-24 18:00:00 EDT",1590357600,99.37,101.4,ESE,12,26,,61,15.9,23.8,,28,24100,2.5,,4,,
"2020-05-24 17:00:00 EDT",1590354000,99.43,101.5,SE,13,20,32,64,16.7,23.9,,29,24100,2.5,,3,,
"2020-05-24 16:00:00 EDT",1590350400,99.48,101.5,SE,14,19,30,56,16.5,25.7,,31,24100,2.5,,2,,
"2020-05-24 15:00:00 EDT",1590346800,99.56,101.6,SE,12,16,,63,17.6,24.9,,31,24100,2.3,,2,,
"2020-05-24 14:00:00 EDT",1590343200,99.61,101.7,SSE,16,18,,63,17.1,24.6,,30,24100,2.2,,6,,
"2020-05-24 13:00:00 EDT",1590339600,99.65,101.7,SSE,16,21,,64,16.9,24,,29,24100,2.2,,4,,
"2020-05-24 12:00:00 EDT",1590336000,99.71,101.8,SSE,16,20,,69,17.2,23.2,,29,24100,2.4,,3,,
"2020-05-24 11:00:00 EDT",1590332400,99.75,101.8,SSE,15,14,,73,16,20.9,,26,24100,2.6,,3,,
"2020-05-24 10:00:00 EDT",1590328800,99.77,101.8,SE,13,11,,76,15.5,19.9,,,24100,2.8,,1,,
"2020-05-24 09:00:00 EDT",1590325200,99.81,101.9,SSE,17,10,,64,12.2,19.1,,,24100,2.7,,2,,
"2020-05-24 08:00:00 EDT",1590321600,99.79,101.9,SE,13,7,,62,10.2,17.6,,,24100,2.8,,3,,
"2020-05-24 07:00:00 EDT",1590318000,99.79,101.9,E,10,5,,65,9.1,15.7,,,24100,2.8,,4,,
"2020-05-24 06:00:00 EDT",1590314400,99.73,101.8,SSW,19,8,,80,12.1,15.5,,,24100,2.9,,7,,
"2020-05-24 05:00:00 EDT",1590310800,99.68,101.8,SSE,15,5,,81,12.4,15.6,,,24100,3,,7,,
"2020-05-24 04:00:00 EDT",1590307200,99.68,101.8,ESE,11,8,,71,11.4,16.6,,,24100,2.9,,7,,
"2020-05-24 03:00:00 EDT",1590303600,99.72,101.8,SE,13,11,,73,12.1,16.9,,,24100,3,,7,,
"2020-05-24 02:00:00 EDT",1590300000,99.72,101.8,SSE,15,9,,81,13.5,16.7,,,24100,3.1,,7,,
"2020-05-24 01:00:00 EDT",1590296400,99.71,101.8,S,19,5,,79,13.7,17.3,,,24100,3.4,,3,,
"2020-05-24 00:00:00 EDT",1590292800,99.7,101.8,E,9,3,,74,13.8,18.4,,,24100,3.8,,1,,
"2020-05-23 23:00:00 EDT",1590289200,99.71,101.8,SE,14,5,,69,13.6,19.4,,,24100,3.6,,0,,
"2020-05-23 22:00:00 EDT",1590285600,99.69,101.8,SE,13,9,,68,14.3,20.2,,,24100,3.5,,4,,
"2020-05-23 21:00:00 EDT",1590282000,99.65,101.7,WSW,25,5,,69,14.5,20.4,,,24100,3.2,,6,,
"2020-05-23 20:00:00 EDT",1590278400,99.64,101.7,SSW,20,8,,63,14.4,21.5,,25,24100,3.2,,7,,
"2020-05-23 19:00:00 EDT",1590274800,99.63,101.7,SSE,16,9,,61,14.8,22.6,,26,24100,3.2,,7,,
"2020-05-23 18:00:00 EDT",1590271200,99.66,101.7,SSE,16,10,,58,14,22.6,,26,24100,3.3,,8,,
"2020-05-23 17:00:00 EDT",1590267600,99.63,101.7,SE,14,14,,57,13.8,22.7,,26,24100,3.4,,8,,
"2020-05-23 16:00:00 EDT",1590264000,99.64,101.7,SE,14,15,,50,13,24,,27,24100,3.7,,6,,
"2020-05-23 15:00:00 EDT",1590260400,99.68,101.8,SE,15,14,,46,11.9,24.1,,26,24100,3.8,,6,,
"2020-05-23 14:00:00 EDT",1590256800,99.71,101.8,SE,14,13,,45,11.7,24.3,,26,24100,3.9,,4,,
"2020-05-23 13:00:00 EDT",1590253200,99.74,101.8,S,17,15,,46,11.9,24.1,,26,24100,3.8,,4,,
"2020-05-23 12:00:00 EDT",1590249600,99.75,101.8,SSE,15,12,,50,12,22.9,,25,24100,3.6,,2,,
"2020-05-23 11:00:00 EDT",1590246000,99.76,101.8,SSE,16,18,,59,12.6,20.9,,,24100,3.3,,1,,
"2020-05-23 10:00:00 EDT",1590242400,99.67,101.7,ESE,11,5,,53,12.3,22.1,,25,24100,,,1,,
"2020-05-23 09:00:00 EDT",1590238800,99.62,101.7,N,36,6,,65,12.5,19.2,,,24100,2.7,,1,,
"2020-05-23 08:00:00 EDT",1590235200,99.58,101.7,NNW,35,16,,73,12.7,17.5,,,24100,2.7,,1,,
"2020-05-23 07:00:00 EDT",1590231600,99.57,101.7,NNW,34,12,,88,14.1,15.9,,,24100,2.8,,1,,
"2020-05-23 06:00:00 EDT",1590228000,99.55,101.6,WNW,28,8,,92,12.5,13.8,,,24100,2.9,,2,,
"2020-05-23 05:00:00 EDT",1590224400,99.49,101.6,NNW,35,14,,89,13.4,15.1,,,24100,3,,2,,
"2020-05-23 04:00:00 EDT",1590220800,99.49,101.6,NNW,33,12,,86,13.4,15.7,,,24100,3,,2,,
"2020-05-23 03:00:00 EDT",1590217200,99.5,101.6,N,35,9,,85,14.1,16.6,,,24100,3.1,,3,,
"2020-05-23 02:00:00 EDT",1590213600,99.5,101.6,NW,32,12,,84,13.9,16.6,,,24100,3.4,,3,,
"2020-05-23 01:00:00 EDT",1590210000,99.53,101.6,WNW,29,5,,84,13.2,15.8,,,24100,3.4,,2,,
"2020-05-23 00:00:00 EDT",1590206400,99.53,101.6,WNW,30,3,,62,10,17.3,,,24100,3.4,,2,,
"2020-05-22 23:00:00 EDT",1590202800,99.53,101.6,S,19,8,,60,10.1,17.9,,,24100,3.5,,4,,
"2020-05-22 22:00:00 EDT",1590199200,99.53,101.6,ESE,12,7,,56,9.7,18.5,,,24100,3.5,,6,,
"2020-05-22 21:00:00 EDT",1590195600,99.5,101.6,SSE,15,10,,53,9.5,19,,,24100,3.5,,7,,
"2020-05-22 20:00:00 EDT",1590192000,99.49,101.6,SSE,16,9,,51,9.3,19.6,,,24100,3.6,,7,,
"2020-05-22 19:00:00 EDT",1590188400,99.5,101.6,SE,14,13,,46,8.6,20.5,,,24100,3.6,,7,,
"2020-05-22 18:00:00 EDT",1590184800,99.51,101.6,SSE,15,13,,43,9.7,22.7,,,24100,3.6,,7,,
"2020-05-22 17:00:00 EDT",1590181200,99.54,101.6,SSE,16,12,,43,10,23,,,24100,3.7,,6,,
"2020-05-22 16:00:00 EDT",1590177600,99.57,101.7,SSE,15,15,,43,10.1,23.2,,25,24100,3.8,,5,,
"2020-05-22 15:00:00 EDT",1590174000,99.63,101.7,SE,12,17,,44,9.7,22.5,,,24100,3.9,,4,,
"2020-05-22 14:00:00 EDT",1590170400,99.68,101.8,SE,13,13,,43,9.2,22,,,24100,3.9,,1,,
"2020-05-22 13:00:00 EDT",1590166800,99.72,101.8,SE,14,16,,41,8,21.7,,,24100,3.8,,1,,
"2020-05-22 12:00:00 EDT",1590163200,99.76,101.8,SE,14,4,,39,7.8,22.5,,,24100,3.9,,1,,
"2020-05-22 11:00:00 EDT",1590159600,99.82,101.9,N,36,5,,45,9.5,21.8,,,24100,4.1,,1,,
"2020-05-22 10:00:00 EDT",1590156000,99.9,102,NW,31,5,,48,8.9,20,,,24100,4.3,,1,,
"2020-05-22 09:00:00 EDT",1590152400,99.92,102,W,27,4,,41,4.3,17.8,,,24100,4.3,,1,,
"2020-05-22 08:00:00 EDT",1590148800,99.91,102,N,36,1,,31,-1.6,15.3,,,24100,4.1,,1,,
"2020-05-22 07:00:00 EDT",1590145200,99.9,102,N,36,3,,58,4,12,,,24100,4.1,,1,,
"2020-05-22 06:00:00 EDT",1590141600,99.91,102,N,36,2,,51,0.8,10.3,,,24100,4.1,,1,,
"2020-05-22 05:00:00 EDT",1590138000,99.93,102,N,36,1,,49,-0.3,9.9,,,24100,4.1,,0,,
"2020-05-22 04:00:00 EDT",1590134400,99.96,102.1,NE,4,3,,42,-1.7,10.7,,,24100,4.1,,0,,
"2020-05-22 03:00:00 EDT",1590130800,99.98,102.1,N,36,2,,33,-3.9,12,,,24100,4.1,,0,,
"2020-05-22 02:00:00 EDT",1590127200,100.01,102.1,WNW,30,4,,33,-3.8,11.9,,,24100,4,,0,,
"2020-05-22 01:00:00 EDT",1590123600,100.04,102.1,WNW,29,7,,30,-5,12.2,,,24100,3.7,,0,,
"2020-05-22 00:00:00 EDT",1590120000,100.06,102.2,W,27,5,,22,-8.4,12.5,,,24100,3.5,,0,,
"2020-05-21 23:00:00 EDT",1590116400,100.06,102.2,WSW,25,3,,29,-5.7,11.9,,,24100,,,0,,
"2020-05-21 22:00:00 EDT",1590112800,100.03,102.1,SSE,16,7,,29,-5.3,12.4,,,24100,3.3,,1,,
"2020-05-21 21:00:00 EDT",1590109200,100.02,102.1,SSE,17,10,,28,-4.9,13.2,,,24100,3.3,,1,,
"2020-05-21 20:00:00 EDT",1590105600,100.04,102.1,SSE,16,12,,29,-3.4,14.3,,,24100,3.2,,1,,
"2020-05-21 19:00:00 EDT",1590102000,100.01,102.1,SSE,16,10,,27,-0.9,18.5,,,24100,3.2,,1,,
"2020-05-21 18:00:00 EDT",1590098400,100.05,102.2,SSE,15,9,,19,-4,20.3,,,24100,3.2,,0,,
"2020-05-21 17:00:00 EDT",1590094800,100.12,102.2,SE,14,16,,19,-3.7,20.2,,,24100,3.3,,0,,
"2020-05-21 16:00:00 EDT",1590091200,100.21,102.3,SSE,15,12,,18,-5.5,19.4,,,24100,,,1,,
"2020-05-21 15:00:00 EDT",1590087600,100.34,102.4,SE,14,12,,21,-4,18.3,,,24100,3.3,,1,,
"2020-05-21 14:00:00 EDT",1590084000,100.36,102.5,SE,13,17,,23,-3.6,17.6,,,24100,3.2,,1,,
"2020-05-21 13:00:00 EDT",1590080400,100.44,102.6,SE,13,17,,29,-1.3,16.5,,,24100,3.2,,1,,
"2020-05-21 12:00:00 EDT",1590076800,100.48,102.6,SE,14,19,,28,-2.2,16.1,,,24100,3.2,,1,,
"2020-05-21 11:00:00 EDT",1590073200,100.5,102.6,SSE,15,14,,27,-2,17,,,24100,3.1,,1,,
"2020-05-21 10:00:00 EDT",1590069600,100.53,102.6,N,36,2,,27,-2.9,16.1,,,24100,3.1,,1,,
"2020-05-21 09:00:00 EDT",1590066000,100.53,102.6,ESE,11,7,,34,-0.7,15.1,,,24100,3.1,,1,,
"2020-05-21 08:00:00 EDT",1590062400,100.52,102.6,ESE,12,9,,42,0.8,13.3,,,24100,3,,1,,
"2020-05-21 07:00:00 EDT",1590058800,100.51,102.6,ENE,7,4,,54,1.4,10.3,,,24100,2.9,,1,,
"2020-05-21 06:00:00 EDT",1590055200,100.46,102.6,N,36,3,,59,1.5,9.2,,,24100,2.6,,1,,
"2020-05-21 05:00:00 EDT",1590051600,100.45,102.6,SSE,16,7,,51,1.4,11.2,,,24100,2.6,,1,,
"2020-05-21 04:00:00 EDT",1590048000,100.46,102.6,E,10,6,,55,2.2,10.7,,,24100,2.6,,0,,
"2020-05-21 03:00:00 EDT",1590044400,100.47,102.6,E,8,4,,55,2.2,10.8,,,24100,2.7,,0,,
"2020-05-21 02:00:00 EDT",1590040800,100.46,102.6,E,9,6,,52,2.1,11.7,,,24100,2.7,,0,,
"2020-05-21 01:00:00 EDT",1590037200,100.47,102.6,E,10,7,,48,2.1,12.8,,,24100,2.7,,0,,
"2020-05-21 00:00:00 EDT",1590033600,100.45,102.6,ESE,12,9,,41,1.3,14.4,,,24100,2.8,,0,,
"2020-05-20 23:00:00 EDT",1590030000,100.46,102.6,ENE,7,7,,39,1.5,15.1,,,24100,2.8,,1,,
"2020-05-20 22:00:00 EDT",1590026400,100.48,102.6,ENE,7,6,,39,1.4,15.1,,,24100,2.8,,1,,
"2020-05-20 21:00:00 EDT",1590022800,100.49,102.6,E,8,7,,38,1.5,15.8,,,24100,2.8,,1,,
"2020-05-20 20:00:00 EDT",1590019200,100.47,102.6,ENE,8,15,,31,0.8,17.9,,,24100,2.8,,1,,
"2020-05-20 19:00:00 EDT",1590015600,100.46,102.6,ENE,8,14,,31,1.5,18.8,,,24100,2.7,,1,,
"2020-05-20 18:00:00 EDT",1590012000,100.46,102.6,E,9,20,,33,2.4,18.8,,,24100,2.7,,1,,
"2020-05-20 17:00:00 EDT",1590008400,100.53,102.6,E,8,21,,30,1,18.6,,,24100,2.7,,1,,
"2020-05-20 16:00:00 EDT",1590004800,100.59,102.7,E,10,20,,35,2.9,18.6,,,24100,2.7,,1,,
"2020-05-20 15:00:00 EDT",1590001200,100.65,102.8,ESE,10,20,32,33,1.8,18.3,,,24100,2.8,,1,,
"2020-05-20 14:00:00 EDT",1589997600,100.69,102.8,E,10,18,,33,2.1,18.4,,,24100,2.7,,1,,
"2020-05-20 13:00:00 EDT",1589994000,100.72,102.8,ESE,11,16,30,35,1.7,17.2,,,24100,2.7,,1,,
"2020-05-20 12:00:00 EDT",1589990400,100.74,102.8,ESE,11,16,28,38,2.7,17,,,24100,2.7,,1,,
"2020-05-20 11:00:00 EDT",1589986800,100.75,102.9,ESE,10,15,28,34,0.3,16,,,24100,2.7,,1,,
"2020-05-20 10:00:00 EDT",1589983200,100.74,102.9,ESE,11,21,,38,1.3,15.4,,,24100,2.7,,1,,
"2020-05-20 09:00:00 EDT",1589979600,100.73,102.8,ESE,11,22,35,41,1.9,14.9,,,24100,2.7,,1,,
"2020-05-20 08:00:00 EDT",1589976000,100.67,102.8,SE,13,17,,48,3.4,14,,,24100,2.7,,2,,
"2020-05-20 07:00:00 EDT",1589972400,100.61,102.7,ENE,7,8,,62,4.3,11.4,,,24100,2.6,,3,,
"2020-05-20 06:00:00 EDT",1589968800,100.54,102.7,ENE,6,8,,66,3.8,9.8,,,24100,2.5,,3,,
"2020-05-20 05:00:00 EDT",1589965200,100.46,102.6,E,8,9,,62,3.5,10.5,,,24100,2.5,,3,,
"2020-05-20 04:00:00 EDT",1589961600,100.39,102.5,E,8,10,,58,3.3,11.2,,,24100,2.6,,2,,
"2020-05-20 03:00:00 EDT",1589958000,100.35,102.5,ESE,11,14,,52,3.1,12.6,,,24100,2.6,,3,,
"2020-05-20 02:00:00 EDT",1589954400,100.35,102.5,E,10,16,30,45,2.8,14.7,,,24100,2.6,,3,,
"2020-05-20 01:00:00 EDT",1589950800,100.35,102.5,E,9,20,33,41,2.9,16.2,,,24100,2.6,,4,,
"2020-05-20 00:00:00 EDT",1589947200,100.36,102.5,E,8,17,37,41,3.5,16.6,,,24100,2.6,,6,,
"2020-05-19 23:00:00 EDT",1589943600,100.36,102.5,E,9,16,29,40,3.2,16.6,,,24100,2.6,,7,,
"2020-05-19 22:00:00 EDT",1589940000,100.35,102.5,E,8,18,34,41,3.3,16.7,,,24100,2.6,,7,,
"2020-05-19 21:00:00 EDT",1589936400,100.28,102.4,ENE,7,21,33,39,3,16.8,,,24100,2.7,,8,,
"2020-05-19 20:00:00 EDT",1589932800,100.23,102.3,E,9,19,36,38,2.5,16.8,,,24100,2.7,,8,,
"2020-05-19 19:00:00 EDT",1589929200,100.19,102.3,ENE,8,21,,39,2.8,16.6,,,24100,2.8,,8,,
"2020-05-19 18:00:00 EDT",1589925600,100.2,102.3,E,8,25,37,40,3.4,16.8,,,24100,2.7,,7,,
"2020-05-19 17:00:00 EDT",1589922000,100.23,102.3,ENE,7,32,42,41,3.5,16.7,,,24100,2.7,,7,,
"2020-05-19 16:00:00 EDT",1589918400,100.24,102.3,E,8,25,42,43,3.5,15.9,,,24100,2.6,,7,,
"2020-05-19 15:00:00 EDT",1589914800,100.25,102.4,ENE,8,26,41,40,2.9,16.4,,,24100,2.6,,7,,
"2020-05-19 14:00:00 EDT",1589911200,100.27,102.4,ENE,8,24,42,40,2.8,16.3,,,24100,2.5,,7,,
"2020-05-19 13:00:00 EDT",1589907600,100.28,102.4,E,10,27,41,37,2,16.6,,,24100,2.5,,7,,
"2020-05-19 12:00:00 EDT",1589904000,100.29,102.4,E,9,29,42,38,1.7,15.9,,,24100,2.4,,7,,
"2020-05-19 11:00:00 EDT",1589900400,100.28,102.4,E,8,27,49,38,-0.1,13.9,,,24100,2.4,,8,,
"2020-05-19 10:00:00 EDT",1589896800,100.26,102.4,E,10,22,33,39,-1,12.6,,,24100,2.5,,8,,
"2020-05-19 09:00:00 EDT",1589893200,100.22,102.3,E,9,21,36,39,-0.7,12.7,,,24100,2.4,,8,,
"2020-05-19 08:00:00 EDT",1589889600,100.18,102.3,E,9,27,42,38,-1.3,12.6,,,24100,2.5,,8,,
"2020-05-19 07:00:00 EDT",1589886000,100.1,102.2,E,8,31,48,36,-1.6,13,,,24100,2.5,,8,,
"2020-05-19 06:00:00 EDT",1589882400,100.02,102.1,E,8,31,42,33,-2.6,13.4,,,24100,2.5,,8,,
"2020-05-19 05:00:00 EDT",1589878800,99.96,102.1,E,8,26,46,29,-3.8,13.9,,,24100,2.5,,8,,
"2020-05-19 04:00:00 EDT",1589875200,99.92,102,E,8,28,50,26,-4.4,14.6,,,24100,2.6,,8,,
"2020-05-19 03:00:00 EDT",1589871600,99.93,102,E,8,26,41,28,-3.5,14.8,,,24100,2.5,,8,,
"2020-05-19 02:00:00 EDT",1589868000,99.91,102,E,9,23,45,30,-2.2,15.1,,,24100,2.5,,8,,
"2020-05-19 01:00:00 EDT",1589864400,99.93,102,ENE,8,23,34,43,2.5,14.8,,,24100,2.5,,8,,
"2020-05-19 00:00:00 EDT",1589860800,99.95,102.1,ENE,8,12,,65,7.3,13.8,,,24100,2.5,,8,,
"2020-05-18 23:00:00 EDT",1589857200,99.96,102.1,ENE,6,14,,66,7.5,13.7,,,24100,2.4,,8,,
"2020-05-18 22:00:00 EDT",1589853600,99.95,102.1,E,8,17,29,69,8.5,14,,,24100,2.4,,8,,
"2020-05-18 21:00:00 EDT",1589850000,99.9,102,E,9,18,29,82,10.8,13.8,,,19300,2.4,,8,,
"2020-05-18 20:00:00 EDT",1589846400,99.86,102,E,8,16,29,87,11.1,13.2,,,16100,2.3,,8,,
"2020-05-18 19:00:00 EDT",1589842800,99.85,102,ENE,7,24,39,90,11,12.6,,,16100,2.3,,8,,
"2020-05-18 18:00:00 EDT",1589839200,99.85,102,E,9,24,38,89,11.2,12.9,,,19300,2.3,,8,,
"2020-05-18 17:00:00 EDT",1589835600,99.84,101.9,ENE,8,24,40,91,11.2,12.7,,,9700,2.2,,8,,
"2020-05-18 16:00:00 EDT",1589832000,99.87,102,E,8,21,38,91,10.8,12.3,,,9700,2.2,,8,,
"2020-05-18 15:00:00 EDT",1589828400,99.88,102,E,8,27,45,84,10.5,13,,,19300,2.2,,8,,
"2020-05-18 14:00:00 EDT",1589824800,99.87,102,E,9,28,49,89,11.3,13,,,19300,2.1,,8,,
"2020-05-18 13:00:00 EDT",1589821200,99.89,102,E,9,35,47,92,11.7,12.9,,,9700,2.2,,8,,
"2020-05-18 12:00:00 EDT",1589817600,99.87,102,E,9,18,35,90,11.2,12.8,,,24100,2.3,,8,,
"2020-05-18 11:00:00 EDT",1589814000,99.85,102,E,8,25,35,93,11.3,12.3,,,24100,2.3,,8,,
"2020-05-18 10:00:00 EDT",1589810400,99.84,101.9,E,9,28,42,90,10.6,12.2,,,24100,2.4,,8,,
"2020-05-18 09:00:00 EDT",1589806800,99.85,102,E,8,27,41,91,10.4,11.9,,,16100,2.4,,8,,
"2020-05-18 08:00:00 EDT",1589803200,99.87,102,E,8,22,46,89,9.8,11.6,,,19300,2.4,,8,,
"2020-05-18 07:00:00 EDT",1589799600,99.87,102,E,8,30,46,91,9.9,11.2,,,16100,2.5,,8,,
"2020-05-18 06:00:00 EDT",1589796000,99.86,102,E,8,30,43,91,9.9,11.3,,,16100,2.5,,8,,
"2020-05-18 05:00:00 EDT",1589792400,99.86,102,ENE,8,24,44,92,10.1,11.4,,,16100,2.5,,8,,
"2020-05-18 04:00:00 EDT",1589788800,99.88,102,E,8,21,38,93,10.3,11.3,,,16100,2.5,,8,,
"2020-05-18 03:00:00 EDT",1589785200,99.92,102,ENE,8,14,28,94,10.3,11.2,,,16100,2.4,,8,,
"2020-05-18 02:00:00 EDT",1589781600,99.91,102,ENE,7,24,36,90,10,11.6,,,19300,2.4,,8,,
"2020-05-18 01:00:00 EDT",1589778000,99.93,102,ENE,6,14,,81,8.8,11.9,,,19300,2.4,,8,,
"2020-05-18 00:00:00 EDT",1589774400,99.93,102,ENE,8,16,,72,8.5,13.4,,,19300,2.4,,8,,
"2020-05-17 23:00:00 EDT",1589770800,99.96,102.1,NE,5,9,,72,8.4,13.3,,,19300,2.4,,8,,
"2020-05-17 22:00:00 EDT",1589767200,99.93,102,ENE,7,18,28,63,7.5,14.3,,,19300,2.4,,8,,
"2020-05-17 21:00:00 EDT",1589763600,99.89,102,E,9,21,,64,7.3,13.9,,,24100,2.4,,8,,
"2020-05-17 20:00:00 EDT",1589760000,99.91,102,E,9,16,,62,7.3,14.4,,,19300,2.4,,8,,
"2020-05-17 19:00:00 EDT",1589756400,99.9,102,E,9,18,,63,7.3,14.1,,,24100,2.4,,8,,
"2020-05-17 18:00:00 EDT",1589752800,99.94,102.1,E,8,11,,64,7.6,14.1,,,24100,2.4,,8,,
"2020-05-17 17:00:00 EDT",1589749200,99.97,102.1,E,8,13,30,56,6.5,15.2,,,24100,2.4,,8,,
"2020-05-17 16:00:00 EDT",1589745600,100.06,102.2,E,9,15,30,55,6.4,15.2,,,24100,2.4,,8,,
"2020-05-17 15:00:00 EDT",1589742000,100.06,102.2,E,9,27,38,50,5.7,16,,,24100,2.4,,8,,
"2020-05-17 14:00:00 EDT",1589738400,100.12,102.2,E,9,22,33,50,5.3,15.7,,,24100,2.3,,8,,
"2020-05-17 13:00:00 EDT",1589734800,100.14,102.3,E,9,24,40,53,5.9,15.4,,,24100,2.3,,8,,
"2020-05-17 12:00:00 EDT",1589731200,100.17,102.3,E,9,26,43,55,6.1,15.1,,,24100,2.2,,7,,
"2020-05-17 11:00:00 EDT",1589727600,100.21,102.3,E,8,28,49,55,6.7,15.7,,,24100,2.2,,8,,
"2020-05-17 10:00:00 EDT",1589724000,100.26,102.4,E,9,29,,58,6.2,14.4,,,24100,2.2,,8,,
"2020-05-17 09:00:00 EDT",1589720400,100.3,102.4,E,9,20,33,62,6.7,13.9,,,24100,,,7,,
"2020-05-17 08:00:00 EDT",1589716800,100.32,102.4,E,8,11,,69,6.4,11.9,,,24100,,,7,,
"2020-05-17 07:00:00 EDT",1589713200,100.29,102.4,NE,4,9,,80,6.1,9.4,,,24100,,,7,,
"2020-05-17 06:00:00 EDT",1589709600,100.25,102.4,NNE,3,10,,82,4.7,7.6,,,24100,,,3,,
"2020-05-17 05:00:00 EDT",1589706000,100.27,102.4,ENE,7,6,,78,5.3,8.8,,,24100,,,3,,
"2020-05-17 04:00:00 EDT",1589702400,100.26,102.4,NE,5,7,,80,4.9,8.2,,,24100,2.4,,4,,
"2020-05-17 03:00:00 EDT",1589698800,100.29,102.4,NE,6,7,,77,5.5,9.3,,,24100,2.4,,6,,
"2020-05-17 02:00:00 EDT",1589695200,100.26,102.4,NE,5,4,,74,5.7,10,,,24100,2.4,,7,,
"2020-05-17 01:00:00 EDT",1589691600,100.27,102.4,NE,4,8,,73,5.4,10,,,24100,2.4,,6,,
"2020-05-17 00:00:00 EDT",1589688000,100.24,102.4,ENE,6,5,,72,6,10.7,,,24100,2.4,,6,,
"2020-05-16 23:00:00 EDT",1589684400,100.28,102.4,NE,5,9,,72,6,10.8,,,24100,2.3,,6,,
"2020-05-16 22:00:00 EDT",1589680800,100.26,102.4,ENE,7,10,,69,6.3,11.8,,,24100,2.3,,6,,
"2020-05-16 21:00:00 EDT",1589677200,100.22,102.3,E,10,6,,68,6.6,12.2,,,24100,2.3,,7,,
"2020-05-16 20:00:00 EDT",1589673600,100.19,102.3,SE,12,11,,68,7.2,12.8,,,24100,2.5,,7,,
"2020-05-16 19:00:00 EDT",1589670000,100.17,102.3,SSE,15,16,,65,7.2,13.7,,,24100,2.5,,5,,
"2020-05-16 18:00:00 EDT",1589666400,100.13,102.2,SSE,15,14,,60,8.1,15.8,,,24100,2.5,,5,,
"2020-05-16 17:00:00 EDT",1589662800,100.13,102.2,SSE,15,17,,59,7.7,15.6,,,24100,2.3,,4,,
"2020-05-16 16:00:00 EDT",1589659200,100.1,102.2,SSE,15,17,,60,8.2,16,,,24100,2.3,,4,,
"2020-05-16 15:00:00 EDT",1589655600,100.16,102.3,SE,13,16,,63,8.4,15.4,,,24100,2.2,,7,,
"2020-05-16 14:00:00 EDT",1589652000,100.19,102.3,SSE,15,17,,65,8.3,14.7,,,24100,2.2,,7,,
"2020-05-16 13:00:00 EDT",1589648400,100.17,102.3,SE,14,21,,65,8.9,15.5,,,24100,2,,7,,
"2020-05-16 12:00:00 EDT",1589644800,100.19,102.3,NW,31,8,,64,9.2,15.9,,,24100,1.9,,4,,
"2020-05-16 11:00:00 EDT",1589641200,100.17,102.3,W,27,6,,66,8.2,14.4,,,24100,1.8,,4,,
"2020-05-16 10:00:00 EDT",1589637600,100.16,102.3,N,1,6,,72,8.3,13.1,,,24100,1.8,,2,,
"2020-05-16 09:00:00 EDT",1589634000,100.12,102.2,NNE,3,6,,80,7.8,11,,,24100,1.8,,5,,
"2020-05-16 08:00:00 EDT",1589630400,100.07,102.2,N,1,14,,89,8.1,9.7,,,24100,1.8,,7,,
"2020-05-16 07:00:00 EDT",1589626800,99.97,102.1,N,36,15,,93,7.6,8.7,,,24100,1.8,,7,,
"2020-05-16 06:00:00 EDT",1589623200,99.84,102,N,35,17,,94,7.9,8.8,,,24100,1.8,,8,,
"2020-05-16 05:00:00 EDT",1589619600,99.79,101.9,NNW,35,17,31,96,8.7,9.4,,,8100,1.9,,8,,
"2020-05-16 04:00:00 EDT",1589616000,99.72,101.8,N,35,18,,98,8.5,8.7,,,4800,1.9,,7,,
"2020-05-16 03:00:00 EDT",1589612400,99.65,101.7,NNW,35,18,,94,7.6,8.6,,,24100,2.1,,0,,
"2020-05-16 02:00:00 EDT",1589608800,99.59,101.7,NNW,34,11,,94,7.7,8.7,,,24100,2.2,,0,,
"2020-05-16 01:00:00 EDT",1589605200,99.56,101.7,N,36,7,,96,8.4,9,,,24100,2.2,,0,,
"2020-05-16 00:00:00 EDT",1589601600,99.51,101.6,N,1,10,,95,9,9.8,,,24100,2.2,,0,,
"2020-05-15 23:00:00 EDT",1589598000,99.45,101.6,NNW,34,13,,94,9.7,10.6,,,24100,2.2,,1,,
"2020-05-15 22:00:00 EDT",1589594400,99.38,101.5,NNW,34,13,,88,10,12,,,24100,2.2,,1,,
"2020-05-15 21:00:00 EDT",1589590800,99.3,101.4,NNW,35,15,,85,10.2,12.7,,,24100,2.1,,5,,
"2020-05-15 20:00:00 EDT",1589587200,99.2,101.3,N,35,18,,78,10.8,14.5,,,24100,2,,6,,
"2020-05-15 19:00:00 EDT",1589583600,99.1,101.2,N,36,21,,77,11.4,15.4,,,24100,1.8,,5,,
"2020-05-15 18:00:00 EDT",1589580000,98.99,101.1,NNW,34,23,,86,12,14.4,,,24100,1.8,,8,,
"2020-05-15 17:00:00 EDT",1589576400,98.94,101,NNW,34,28,,87,12.3,14.4,,,24100,2.3,,8,,
"2020-05-15 16:00:00 EDT",1589572800,98.89,101,NNW,34,28,,90,12.8,14.4,,,16100,2.8,,8,,
"2020-05-15 15:00:00 EDT",1589569200,98.76,100.8,NNW,34,28,,81,15.5,18.8,,,19300,3.2,,8,,
"2020-05-15 14:00:00 EDT",1589565600,98.75,100.8,W,26,21,,88,16.6,18.5,,,12900,2.7,,8,,
"2020-05-15 13:00:00 EDT",1589562000,98.73,100.8,N,36,2,,88,15.6,17.6,,,8100,2.7,,8,,
"2020-05-15 12:00:00 EDT",1589558400,98.77,100.9,S,18,6,,93,14.3,15.4,,,8100,2.8,,8,,
"2020-05-15 11:00:00 EDT",1589554800,98.85,100.9,SE,14,4,,100,10.7,10.7,,,1200,3,,,,
"2020-05-15 10:00:00 EDT",1589551200,98.91,101,SSE,15,13,,99,9.1,9.2,,,1000,3.2,,2,,
"2020-05-15 09:00:00 EDT",1589547600,99.01,101.1,SE,13,9,,99,8.9,9.1,,,1200,3.3,,2,,
"2020-05-15 08:00:00 EDT",1589544000,99.08,101.2,SE,13,12,,98,10.5,10.8,,,800,3.2,,,,
"2020-05-15 07:00:00 EDT",1589540400,99.08,101.2,N,1,4,,99,10.8,11,,,1200,3.2,,2,,
"2020-05-15 06:00:00 EDT",1589536800,99.08,101.2,N,36,1,,99,9.9,10.1,,,1000,3.2,,2,,
"2020-05-15 05:00:00 EDT",1589533200,99.05,101.2,N,36,3,,99,9.7,9.9,,,800,3.1,,1,,
"2020-05-15 04:00:00 EDT",1589529600,99.07,101.2,N,36,3,,98,8.4,8.6,,,800,2.9,,1,,
"2020-05-15 03:00:00 EDT",1589526000,99.09,101.2,SSE,15,4,,98,7.9,8.2,,,800,2.9,,1,,
"2020-05-15 02:00:00 EDT",1589522400,99.13,101.2,N,36,3,,98,7.5,7.7,,,800,3.1,,1,,
"2020-05-15 01:00:00 EDT",1589518800,99.16,101.3,N,36,2,,96,7,7.5,,,4000,3.1,,8,,
"2020-05-15 00:00:00 EDT",1589515200,99.2,101.3,SSW,20,4,,94,6.7,7.6,,,9700,3.1,,8,,
"2020-05-14 23:00:00 EDT",1589511600,99.26,101.4,SSE,16,5,,95,7,7.7,,,16100,3,,8,,
"2020-05-14 22:00:00 EDT",1589508000,99.3,101.4,WSW,24,4,,93,7,8,,,12900,3,,8,,
"2020-05-14 21:00:00 EDT",1589504400,99.28,101.4,SSE,15,5,,93,6.9,8,,,16100,3,,8,,
"2020-05-14 20:00:00 EDT",1589500800,99.3,101.4,E,10,8,,92,6.5,7.7,,,16100,3.1,,8,,
"2020-05-14 19:00:00 EDT",1589497200,99.39,101.5,E,8,10,,87,5.6,7.7,,,24100,,,8,,
"2020-05-14 18:00:00 EDT",1589493600,99.47,101.6,ENE,7,6,,79,4.1,7.6,,,8100,,,8,,
"2020-05-14 17:00:00 EDT",1589490000,99.53,101.7,SSE,15,10,,79,4.3,7.7,,,9700,,,8,,
"2020-05-14 16:00:00 EDT",1589486400,99.54,101.7,ESE,11,9,,45,-1,10.5,,,24100,,,8,,
"2020-05-14 15:00:00 EDT",1589482800,99.62,101.7,ESE,11,9,,48,0.3,10.7,,,24100,2.9,,8,,
"2020-05-14 14:00:00 EDT",1589479200,99.71,101.8,ESE,12,14,,43,-0.7,11.6,,,24100,2.9,,8,,
"2020-05-14 13:00:00 EDT",1589475600,99.84,102,ESE,12,11,,42,-0.2,12.3,,,24100,2.9,,8,,
"2020-05-14 12:00:00 EDT",1589472000,99.98,102.1,SE,15,10,,37,-3.1,11.1,,,24100,2.9,,8,,
"2020-05-14 11:00:00 EDT",1589468400,100.05,102.2,SE,13,9,,40,-1.6,11.4,,,24100,3,,8,,
"2020-05-14 10:00:00 EDT",1589464800,100.14,102.3,SE,14,10,,40,-3.1,9.8,,,24100,3.2,,8,,
"2020-05-14 09:00:00 EDT",1589461200,100.2,102.3,E,8,10,,43,-2.5,9.2,,,24100,3.4,,7,,
"2020-05-14 08:00:00 EDT",1589457600,100.27,102.4,ESE,12,5,,49,-2.6,7.5,,,24100,3.5,,8,,
"2020-05-14 07:00:00 EDT",1589454000,100.29,102.4,SSE,16,8,,54,-1.6,7,,,24100,3.4,,8,,
"2020-05-14 06:00:00 EDT",1589450400,100.28,102.4,ESE,12,5,,60,-0.4,6.7,,,24100,3.5,,7,,
"2020-05-14 05:00:00 EDT",1589446800,100.3,102.4,SSE,16,5,,53,-2.2,6.7,,,24100,3.5,,8,,
"2020-05-14 04:00:00 EDT",1589443200,100.32,102.4,NE,5,6,,51,-2.5,6.8,,,24100,3.5,,7,,
"2020-05-14 03:00:00 EDT",1589439600,100.38,102.5,NNE,3,8,,53,-2.4,6.4,,,24100,3.4,,7,,
"2020-05-14 02:00:00 EDT",1589436000,100.41,102.5,WNW,30,5,,45,-4.5,6.6,,,24100,3.3,,6,,
"2020-05-14 01:00:00 EDT",1589432400,100.44,102.6,N,36,3,,42,-4.6,7.4,,,24100,3.1,,5,,
"2020-05-14 00:00:00 EDT",1589428800,100.49,102.6,NW,32,5,,41,-4.3,8.1,,,24100,3,,6,,
"2020-05-13 23:00:00 EDT",1589425200,100.47,102.6,SW,23,10,,42,-3.8,8.3,,,24100,2.9,,6,,
"2020-05-13 22:00:00 EDT",1589421600,100.48,102.6,SSW,21,12,,40,-4.1,8.7,,,24100,2.9,,4,,
"2020-05-13 21:00:00 EDT",1589418000,100.45,102.6,S,18,15,,40,-3.6,9.1,,,24100,2.9,,3,,
"2020-05-13 20:00:00 EDT",1589414400,100.48,102.6,S,17,16,,33,-5.4,10.1,,,24100,2.9,,1,,
"2020-05-13 19:00:00 EDT",1589410800,100.46,102.6,SSE,16,17,,30,-5.7,11.1,,,24100,2.8,,1,,
"2020-05-13 18:00:00 EDT",1589407200,100.49,102.6,SSE,15,18,,28,-6.1,11.9,,,24100,2.7,,1,,
"2020-05-13 17:00:00 EDT",1589403600,100.5,102.6,SSE,17,19,,27,-6.1,12.5,,,24100,2.6,,1,,
"2020-05-13 16:00:00 EDT",1589400000,100.51,102.7,SSE,16,22,,27,-6.4,12,,,24100,2.5,,0,,
"2020-05-13 15:00:00 EDT",1589396400,100.58,102.7,SSE,16,21,,28,-6.4,11.6,,,24100,2.5,,1,,
"2020-05-13 14:00:00 EDT",1589392800,100.62,102.8,SSE,17,19,29,27,-7.3,10.7,,,24100,2.5,,1,,
"2020-05-13 13:00:00 EDT",1589389200,100.68,102.8,SE,14,20,29,31,-6.2,10,,,24100,2.5,,0,,
"2020-05-13 12:00:00 EDT",1589385600,100.71,102.9,WNW,29,8,,25,-9.4,9.9,,,24100,2.5,,0,,
"2020-05-13 11:00:00 EDT",1589382000,100.71,102.9,NE,5,3,,30,-7.5,9,,,24100,2.7,,0,,
"2020-05-13 10:00:00 EDT",1589378400,100.69,102.8,NNW,35,4,,36,-6.5,7.8,,,24100,3,,0,,
"2020-05-13 09:00:00 EDT",1589374800,100.67,102.8,NNW,35,10,,40,-6.4,6.2,,,24100,3.3,,0,,
"2020-05-13 08:00:00 EDT",1589371200,100.61,102.8,WNW,30,7,,55,-4.9,3.4,,,24100,3.3,,0,,
"2020-05-13 07:00:00 EDT",1589367600,100.54,102.7,WSW,25,5,,73,-4.7,-0.4,-2,,24100,3,,0,,
"2020-05-13 06:00:00 EDT",1589364000,100.47,102.6,W,26,7,,77,-5.3,-1.9,-5,,24100,2.7,,0,,
"2020-05-13 05:00:00 EDT",1589360400,100.43,102.6,W,27,6,,79,-5.7,-2.5,-5,,24100,2.7,,0,,
"2020-05-13 04:00:00 EDT",1589356800,100.39,102.5,W,27,9,,81,-5.4,-2.6,-6,,24100,2.7,,0,,
"2020-05-13 03:00:00 EDT",1589353200,100.35,102.5,WNW,30,12,,73,-4.6,-0.2,-4,,24100,2.6,,0,,
"2020-05-13 02:00:00 EDT",1589349600,100.32,102.5,NW,31,7,,74,-4.9,-0.8,-3,,24100,2.5,,0,,
"2020-05-13 01:00:00 EDT",1589346000,100.29,102.4,NW,32,10,,65,-5.1,0.7,,,24100,2.4,,0,,
"2020-05-13 00:00:00 EDT",1589342400,100.25,102.4,NNW,34,12,,59,-5.5,1.7,,,24100,2.4,,0,,
"2020-05-12 23:00:00 EDT",1589338800,100.2,102.3,NNW,34,14,,56,-5.4,2.5,,,24100,2.4,,0,,
"2020-05-12 22:00:00 EDT",1589335200,100.14,102.3,N,36,19,,54,-5,3.4,,,24100,2.5,,0,,
"2020-05-12 21:00:00 EDT",1589331600,100.06,102.2,WNW,29,20,,45,-5.5,5.4,,,24100,2.5,,1,,
"2020-05-12 20:00:00 EDT",1589328000,100.01,102.2,NW,31,28,,39,-5.9,7,,,24100,2.4,,1,,
"2020-05-12 19:00:00 EDT",1589324400,99.95,102.1,NW,31,28,39,36,-5.6,8.5,,,24100,2.4,,3,,
"2020-05-12 18:00:00 EDT",1589320800,99.92,102.1,N,35,19,,44,-4.5,6.9,,,24100,2.3,,7,,
"2020-05-12 17:00:00 EDT",1589317200,99.88,102,N,36,27,,45,-4.6,6.6,,,24100,2.4,,8,,
"2020-05-12 16:00:00 EDT",1589313600,99.84,102,N,36,18,33,50,-3,6.8,,,24100,2.4,,8,,
"2020-05-12 15:00:00 EDT",1589310000,99.78,101.9,N,1,30,44,46,-4.1,6.7,,,24100,2.4,,7,,
"2020-05-12 14:00:00 EDT",1589306400,99.77,101.9,WNW,30,31,46,33,-7.8,7.2,,,24100,2.4,,7,,
"2020-05-12 13:00:00 EDT",1589302800,99.79,101.9,WNW,29,34,46,30,-8.6,7.8,,,24100,2.3,,7,,
"2020-05-12 12:00:00 EDT",1589299200,99.81,101.9,W,28,22,34,30,-8.7,7.8,,,24100,2.3,,7,,
"2020-05-12 11:00:00 EDT",1589295600,99.84,102,NW,30,23,,33,-7.9,7.2,,,24100,2.4,,6,,
"2020-05-12 10:00:00 EDT",1589292000,99.85,102,WNW,30,16,,41,-7.1,5.1,,,24100,2.6,,5,,
"2020-05-12 09:00:00 EDT",1589288400,99.88,102,WNW,30,20,29,49,-6.3,3.5,,,24100,2.7,,5,,
"2020-05-12 08:00:00 EDT",1589284800,99.88,102,WNW,29,16,,65,-3.8,2.2,,,24100,2.7,,4,,
"2020-05-12 07:00:00 EDT",1589281200,99.83,102,WSW,25,12,,76,-4.5,-0.9,-5,,24100,2.5,,4,,
"2020-05-12 06:00:00 EDT",1589277600,99.8,101.9,W,26,9,,76,-6.3,-2.8,-6,,24100,2.4,,2,,
"2020-05-12 05:00:00 EDT",1589274000,99.78,101.9,WSW,25,6,,76,-6.2,-2.5,-5,,24100,2.2,,0,,
"2020-05-12 04:00:00 EDT",1589270400,99.77,101.9,W,26,12,,79,-6.2,-3,-7,,24100,2.2,,0,,
"2020-05-12 03:00:00 EDT",1589266800,99.75,101.9,W,27,16,,77,-5.3,-1.8,-7,,24100,2.1,,0,,
"2020-05-12 02:00:00 EDT",1589263200,99.74,101.9,W,28,14,,74,-5.5,-1.4,-6,,24100,2,,0,,
"2020-05-12 01:00:00 EDT",1589259600,99.73,101.9,WNW,29,13,,66,-6,-0.4,-5,,24100,2,,0,,
"2020-05-12 00:00:00 EDT",1589256000,99.72,101.9,WNW,29,16,,58,-6.8,0.5,,,24100,2.1,,0,,
"2020-05-11 23:00:00 EDT",1589252400,99.68,101.8,WNW,29,15,,52,-7.3,1.4,,,24100,2,,0,,
"2020-05-11 22:00:00 EDT",1589248800,99.65,101.8,WNW,29,16,,58,-5.5,2,,,24100,1.8,,0,,
"2020-05-11 21:00:00 EDT",1589245200,99.58,101.7,WNW,29,17,,51,-6.1,3.1,,,24100,1.7,,1,,
"2020-05-11 20:00:00 EDT",1589241600,99.55,101.7,WNW,30,22,,50,-5,4.7,,,24100,1.6,,3,,
"2020-05-11 19:00:00 EDT",1589238000,99.53,101.7,WNW,29,28,40,57,-2.2,5.7,,,24100,1.6,,7,,
"2020-05-11 18:00:00 EDT",1589234400,99.47,101.6,WNW,29,38,,54,-1.9,6.8,,,24100,1.5,,8,,
"2020-05-11 17:00:00 EDT",1589230800,99.44,101.6,NW,31,26,,54,-1.5,7.1,,,24100,1.4,,7,,
"2020-05-11 16:00:00 EDT",1589227200,99.41,101.5,NW,32,26,,56,-1.3,7,,,24100,1.5,,8,,
"2020-05-11 15:00:00 EDT",1589223600,99.4,101.5,NW,33,28,39,56,-1.4,6.8,,,24100,1.6,,7,,
"2020-05-11 14:00:00 EDT",1589220000,99.38,101.5,NW,32,28,,59,-1.3,6.1,,,24100,1.8,,8,,
"2020-05-11 13:00:00 EDT",1589216400,99.35,101.5,NW,33,21,,72,0.9,5.6,,,24100,1.9,,8,,
"2020-05-11 12:00:00 EDT",1589212800,99.35,101.5,NNW,34,13,,81,1.6,4.6,,,24100,2,,8,,
"2020-05-11 11:00:00 EDT",1589209200,99.32,101.4,NNW,34,20,,84,1.4,3.9,,,24100,2.1,,8,,
"2020-05-11 10:00:00 EDT",1589205600,99.26,101.4,NNW,34,17,28,92,1.6,2.8,,,24100,2.1,,8,,
"2020-05-11 09:00:00 EDT",1589202000,99.21,101.3,N,35,15,,94,1,1.9,,,16100,2.1,,8,,
"2020-05-11 08:00:00 EDT",1589198400,99.16,101.3,N,36,18,,96,0.2,0.8,,,4000,2.1,,8,,
"2020-05-11 07:00:00 EDT",1589194800,99.11,101.2,N,36,18,,97,0.1,0.6,,,3200,2.1,,8,,
"2020-05-11 06:00:00 EDT",1589191200,99.06,101.2,N,36,20,,97,0,0.5,,,2400,2.1,,7,,
"2020-05-11 05:00:00 EDT",1589187600,99.04,101.2,N,36,19,,96,0,0.6,,,3200,2.1,,7,,
"2020-05-11 04:00:00 EDT",1589184000,99.06,101.2,N,1,10,,97,0.3,0.7,,,4800,2.1,,8,,
"2020-05-11 03:00:00 EDT",1589180400,99.09,101.2,N,1,16,,90,0.1,1.6,,,9700,2.1,,8,,
"2020-05-11 02:00:00 EDT",1589176800,99.1,101.2,N,36,22,,78,-0.6,2.8,,,24100,2.1,,8,,
"2020-05-11 01:00:00 EDT",1589173200,99.13,101.2,N,1,12,,79,0.7,4,,,24100,2.2,,8,,
"2020-05-11 00:00:00 EDT",1589169600,99.13,101.3,N,1,17,,75,0.4,4.4,,,24100,2.3,,8,,
"2020-05-10 23:00:00 EDT",1589166000,99.16,101.3,NNE,2,11,,83,2.5,5.2,,,24100,2.4,,8,,
"2020-05-10 22:00:00 EDT",1589162400,99.18,101.3,NNE,3,14,,78,2.1,5.6,,,24100,2.6,,8,,
"2020-05-10 21:00:00 EDT",1589158800,99.18,101.3,NNE,2,10,,79,2.5,5.8,,,24100,2.6,,8,,
"2020-05-10 20:00:00 EDT",1589155200,99.19,101.3,NNE,1,8,,75,2,6,,,24100,2.6,,8,,
"2020-05-10 19:00:00 EDT",1589151600,99.19,101.3,NNE,2,10,,73,2,6.4,,,24100,2.5,,8,,
"2020-05-10 18:00:00 EDT",1589148000,99.24,101.4,N,35,8,,69,1.4,6.8,,,24100,2.5,,8,,
"2020-05-10 17:00:00 EDT",1589144400,99.2,101.3,NNE,2,21,,67,2.1,7.9,,,24100,2.4,,8,,
"2020-05-10 16:00:00 EDT",1589140800,99.23,101.4,NNE,2,14,,68,2.8,8.2,,,24100,2.5,,7,,
"2020-05-10 15:00:00 EDT",1589137200,99.28,101.4,NNE,1,7,,68,1.8,7.2,,,24100,2.5,,8,,
"2020-05-10 14:00:00 EDT",1589133600,99.32,101.4,NNE,1,13,,67,1.4,7.1,,,24100,2.5,,8,,
"2020-05-10 13:00:00 EDT",1589130000,99.37,101.5,WNW,30,15,,60,0,7.1,,,24100,2.4,,8,,
"2020-05-10 12:00:00 EDT",1589126400,99.43,101.6,NNW,33,10,,72,0.8,5.4,,,24100,2.4,,8,,
"2020-05-10 11:00:00 EDT",1589122800,99.47,101.6,W,28,12,,51,-3.4,5.9,,,24100,2.4,,8,,
"2020-05-10 10:00:00 EDT",1589119200,99.5,101.6,SW,23,14,,54,-3.8,4.8,,,24100,2.4,,8,,
"2020-05-10 09:00:00 EDT",1589115600,99.47,101.6,WNW,30,3,,57,-4.2,3.5,,,24100,2.4,,8,,
"2020-05-10 08:00:00 EDT",1589112000,99.51,101.6,WNW,28,8,,62,-4.1,2.4,,,24100,2.4,,7,,
"2020-05-10 07:00:00 EDT",1589108400,99.5,101.6,WNW,28,12,,64,-4.7,1.5,,,24100,2.4,,4,,
"2020-05-10 06:00:00 EDT",1589104800,99.5,101.6,W,28,10,,68,-5.5,-0.3,-4,,24100,2.3,,1,,
"2020-05-10 05:00:00 EDT",1589101200,99.49,101.6,W,28,12,,68,-5.2,0,-4,,24100,2.3,,1,,
"2020-05-10 04:00:00 EDT",1589097600,99.54,101.7,W,27,17,,62,-5.1,1.4,,,24100,2.4,,3,,
"2020-05-10 03:00:00 EDT",1589094000,99.58,101.7,W,26,12,,61,-4.7,2.1,,,24100,2.4,,8,,
"2020-05-10 02:00:00 EDT",1589090400,99.59,101.7,W,26,13,,62,-4.7,1.9,,,24100,2.3,,8,,
"2020-05-10 01:00:00 EDT",1589086800,99.56,101.7,WSW,25,16,,62,-4.7,2,,,24100,2.3,,8,,
"2020-05-10 00:00:00 EDT",1589083200,99.53,101.7,WSW,25,11,,70,-4.5,0.3,,,24100,2.3,,7,,
"2020-05-09 23:00:00 EDT",1589079600,99.57,101.7,W,27,13,,63,-5.1,1.1,,,24100,2.3,,4,,
"2020-05-09 22:00:00 EDT",1589076000,99.59,101.7,W,28,17,30,57,-5.4,2.3,,,24100,2.3,,6,,
"2020-05-09 21:00:00 EDT",1589072400,99.53,101.7,WNW,29,23,37,51,-5.3,4,,,24100,2.2,,8,,
"2020-05-09 20:00:00 EDT",1589068800,99.46,101.6,WNW,29,29,48,50,-5,4.5,,,24100,2.2,,7,,
"2020-05-09 19:00:00 EDT",1589065200,99.43,101.6,WNW,30,37,,47,-5.5,4.9,,,24100,2.1,,7,,
"2020-05-09 18:00:00 EDT",1589061600,99.42,101.6,WNW,29,35,48,43,-6.4,5.3,,,24100,2,,7,,
"2020-05-09 17:00:00 EDT",1589058000,99.39,101.5,NW,31,46,60,41,-7.1,5,,,24100,1.9,,7,,
"2020-05-09 16:00:00 EDT",1589054400,99.37,101.5,WNW,30,36,58,44,-6.1,5,,,24100,1.9,,7,,
"2020-05-09 15:00:00 EDT",1589050800,99.33,101.5,WNW,29,38,57,39,-7.2,5.9,,,24100,1.9,,7,,
"2020-05-09 14:00:00 EDT",1589047200,99.31,101.5,NW,31,42,58,36,-8.8,5.1,,,24100,1.9,,7,,
"2020-05-09 13:00:00 EDT",1589043600,99.31,101.5,NNW,34,46,58,63,-3.8,2.6,,,9700,1.8,,7,,
"2020-05-09 12:00:00 EDT",1589040000,99.24,101.4,WNW,30,31,46,51,-5.5,3.9,,,24100,1.8,,7,,
"2020-05-09 11:00:00 EDT",1589036400,99.24,101.4,W,27,39,54,54,-5.5,3,,,24100,1.7,,6,,
"2020-05-09 10:00:00 EDT",1589032800,99.25,101.4,WNW,29,31,46,61,-5.5,1.1,,,24100,1.7,,7,,
"2020-05-09 09:00:00 EDT",1589029200,99.28,101.4,W,27,22,,61,-5.8,0.8,,,24100,1.7,,7,,
"2020-05-09 08:00:00 EDT",1589025600,99.29,101.4,WSW,26,21,,72,-5,-0.5,-6,,24100,1.8,,8,,
"2020-05-09 07:00:00 EDT",1589022000,99.3,101.4,W,26,19,,80,-5.1,-2,-8,,24100,1.7,,7,,
"2020-05-09 06:00:00 EDT",1589018400,99.27,101.4,WSW,25,13,,81,-6.8,-4,-9,,24100,1.6,,1,,
"2020-05-09 05:00:00 EDT",1589014800,99.27,101.4,W,28,12,,78,-6.8,-3.5,-8,,24100,1.6,,1,,
"2020-05-09 04:00:00 EDT",1589011200,99.24,101.4,NW,31,16,,73,-6.3,-2.1,-7,,24100,1.7,,1,,
"2020-05-09 03:00:00 EDT",1589007600,99.28,101.4,NNW,33,18,,72,-6,-1.6,-7,,24100,1.6,,7,,
"2020-05-09 02:00:00 EDT",1589004000,99.26,101.4,W,28,17,,76,-6.5,-2.8,-8,,24100,1.6,,3,,
"2020-05-09 01:00:00 EDT",1589000400,99.29,101.4,WNW,28,20,32,63,-8.6,-2.5,-8,,24100,1.7,,1,,
"2020-05-09 00:00:00 EDT",1588996800,99.27,101.4,WNW,29,21,,59,-8.8,-1.9,-8,,24100,1.7,,1,,
"2020-05-08 23:00:00 EDT",1588993200,99.26,101.4,WNW,30,27,36,53,-9.7,-1.2,-8,,24100,1.8,,0,,
"2020-05-08 22:00:00 EDT",1588989600,99.23,101.4,NW,32,22,,44,-11.6,-0.7,-6,,24100,1.8,,0,,
"2020-05-08 21:00:00 EDT",1588986000,99.17,101.3,NNW,33,26,39,40,-12.2,0,-6,,24100,1.8,,1,,
"2020-05-08 20:00:00 EDT",1588982400,99.09,101.2,NNW,34,25,38,35,-12.7,1.1,,,24100,1.8,,1,,
"2020-05-08 19:00:00 EDT",1588978800,99.04,101.2,NNW,33,36,52,32,-12.9,2.1,,,24100,1.8,,4,,
"2020-05-08 18:00:00 EDT",1588975200,99.01,101.1,NNW,34,32,53,34,-11.5,2.8,,,24100,1.8,,2,,
"2020-05-08 17:00:00 EDT",1588971600,98.95,101.1,NNW,33,34,45,36,-9.9,3.8,,,24100,1.8,,4,,
"2020-05-08 16:00:00 EDT",1588968000,98.93,101.1,NW,33,18,38,43,-8.2,3.3,,,24100,1.8,,8,,
"2020-05-08 15:00:00 EDT",1588964400,98.94,101.1,NNW,35,13,32,40,-8.7,3.6,,,24100,1.8,,8,,
"2020-05-08 14:00:00 EDT",1588960800,98.91,101,NNE,2,27,37,39,-9,3.7,,,24100,1.9,,8,,
"2020-05-08 13:00:00 EDT",1588957200,98.93,101.1,NNW,33,18,34,33,-10.1,4.8,,,24100,1.9,,8,,
"2020-05-08 12:00:00 EDT",1588953600,98.95,101.1,NW,31,23,34,32,-11.1,4.3,,,24100,2,,8,,
"2020-05-08 11:00:00 EDT",1588950000,98.97,101.1,NW,33,16,40,33,-11.1,3.9,,,24100,2,,7,,
"2020-05-08 10:00:00 EDT",1588946400,99.03,101.2,NW,31,12,,36,-11.2,2.6,,,24100,2,,8,,
"2020-05-08 09:00:00 EDT",1588942800,99.06,101.2,NNW,33,24,,40,-10.1,2.2,,,24100,2.1,,7,,
"2020-05-08 08:00:00 EDT",1588939200,99.04,101.2,NW,32,22,,51,-7.8,1.4,,,24100,2.1,,7,,
"2020-05-08 07:00:00 EDT",1588935600,99,101.1,NW,32,21,,62,-5.7,0.7,,,24100,2.1,,6,,
"2020-05-08 06:00:00 EDT",1588932000,98.99,101.1,NW,32,19,,67,-5,0.5,,,24100,2.1,,4,,
"2020-05-08 05:00:00 EDT",1588928400,99,101.1,NW,31,16,,69,-4.7,0.2,,,24100,2,,1,,
"2020-05-08 04:00:00 EDT",1588924800,98.97,101.1,NW,32,17,,69,-5.1,0,-5,,24100,2,,0,,
"2020-05-08 03:00:00 EDT",1588921200,99.02,101.1,WNW,29,22,,63,-5.5,0.8,,,24100,2.1,,0,,
"2020-05-08 02:00:00 EDT",1588917600,99.05,101.2,WNW,29,15,,61,-5.6,1.1,,,24100,2.2,,0,,
"2020-05-08 01:00:00 EDT",1588914000,99.1,101.2,W,28,20,,56,-5.8,2.2,,,24100,2.3,,0,,
"2020-05-08 00:00:00 EDT",1588910400,99.07,101.2,WSW,26,15,,56,-6.1,1.8,,,24100,2.3,,0,,
"2020-05-07 23:00:00 EDT",1588906800,99.04,101.2,WNW,29,14,,50,-6.2,3.2,,,24100,2.3,,0,,
"2020-05-07 22:00:00 EDT",1588903200,99,101.1,NNW,34,17,,59,-2.5,4.9,,,24100,2.3,,1,,
"2020-05-07 21:00:00 EDT",1588899600,98.94,101,NW,31,33,,30,-9.5,6.9,,,24100,2.3,,1,,
"2020-05-07 20:00:00 EDT",1588896000,98.88,101,NW,32,37,,28,-9.2,8.3,,,24100,2.3,,1,,
"2020-05-07 19:00:00 EDT",1588892400,98.82,100.9,WNW,30,41,57,23,-10.1,9.9,,,24100,2.3,,1,,
"2020-05-07 18:00:00 EDT",1588888800,98.79,100.9,NW,31,42,54,27,-7.8,10.3,,,24100,2.3,,3,,
"2020-05-07 17:00:00 EDT",1588885200,98.74,100.8,NW,32,26,53,43,-1.5,10.6,,,24100,2.3,,6,,
"2020-05-07 16:00:00 EDT",1588881600,98.74,100.8,NNW,34,32,45,62,1.9,8.7,,,24100,2.4,,6,,
"2020-05-07 15:00:00 EDT",1588878000,98.73,100.8,N,36,33,48,74,3.6,8,,,24100,2.6,,7,,
"2020-05-07 14:00:00 EDT",1588874400,98.71,100.8,N,36,32,,77,3.4,7.3,,,24100,2.7,,7,,
"2020-05-07 13:00:00 EDT",1588870800,98.6,100.7,NNE,1,27,,45,-1.2,10.3,,,19300,2.8,,7,,
"2020-05-07 12:00:00 EDT",1588867200,98.71,100.8,WSW,24,28,,37,-2.2,12,,,24100,3,,7,,
"2020-05-07 11:00:00 EDT",1588863600,98.8,100.9,WSW,24,11,,35,-3.6,11.2,,,24100,3,,7,,
"2020-05-07 10:00:00 EDT",1588860000,98.82,100.9,W,28,17,,36,-3.1,11.3,,,24100,3.1,,5,,
"2020-05-07 09:00:00 EDT",1588856400,98.89,101,WNW,30,18,29,39,-3.6,9.5,,,24100,2.9,,5,,
"2020-05-07 08:00:00 EDT",1588852800,98.91,101,WNW,30,23,33,41,-3.8,8.5,,,24100,2.8,,5,,
"2020-05-07 07:00:00 EDT",1588849200,98.92,101,WNW,29,20,,37,-6.7,7.2,,,24100,2.5,,6,,
"2020-05-07 06:00:00 EDT",1588845600,98.9,101,WNW,29,9,,37,-8.1,5.5,,,24100,2.6,,1,,
"2020-05-07 05:00:00 EDT",1588842000,98.92,101,WNW,30,7,,39,-7.8,5.2,,,24100,2.5,,1,,
"2020-05-07 04:00:00 EDT",1588838400,98.97,101.1,NW,31,8,,42,-6.9,5.1,,,24100,2.5,,1,,
"2020-05-07 03:00:00 EDT",1588834800,98.98,101.1,W,26,8,,43,-6.8,4.8,,,24100,2.4,,0,,
"2020-05-07 02:00:00 EDT",1588831200,99.04,101.1,W,28,13,,45,-6.5,4.5,,,24100,2.3,,0,,
"2020-05-07 01:00:00 EDT",1588827600,99.09,101.2,WNW,29,15,,40,-6.3,6.3,,,24100,2.4,,0,,
"2020-05-07 00:00:00 EDT",1588824000,99.15,101.3,NW,31,18,,38,-6,7.3,,,24100,2.5,,0,,
"2020-05-06 23:00:00 EDT",1588820400,99.17,101.3,NNW,34,18,,31,-7.2,9,,,24100,2.5,,0,,
"2020-05-06 22:00:00 EDT",1588816800,99.18,101.3,N,36,12,,33,-6.8,8.8,,,24100,2.6,,0,,
"2020-05-06 21:00:00 EDT",1588813200,99.16,101.3,N,36,17,,29,-7,10.2,,,24100,2.6,,0,,
"2020-05-06 20:00:00 EDT",1588809600,99.12,101.2,WNW,30,4,,30,-5.8,11.1,,,24100,2.6,,0,,
"2020-05-06 19:00:00 EDT",1588806000,99.1,101.2,SSE,15,11,,29,-6,11.4,,,24100,,,1,,
"2020-05-06 18:00:00 EDT",1588802400,99.1,101.2,SSE,17,13,,30,-4.7,12.4,,,24100,2.3,,3,,
"2020-05-06 17:00:00 EDT",1588798800,99.09,101.2,S,17,19,,28,-5.6,12.2,,,24100,2.3,,4,,
"2020-05-06 16:00:00 EDT",1588795200,99.13,101.2,SSE,16,16,,32,-4.3,11.7,,,24100,2.2,,6,,
"2020-05-06 15:00:00 EDT",1588791600,99.18,101.3,SE,13,16,,31,-5.1,11.5,,,24100,2.2,,7,,
"2020-05-06 14:00:00 EDT",1588788000,99.21,101.3,SSE,15,19,,32,-4.5,11.4,,,24100,2.2,,7,,
"2020-05-06 13:00:00 EDT",1588784400,99.24,101.4,SSE,15,20,,35,-4,10.8,,,24100,2.2,,7,,
"2020-05-06 12:00:00 EDT",1588780800,99.27,101.4,NNE,2,13,35,30,-5.4,11.5,,,24100,2.2,,6,,
"2020-05-06 11:00:00 EDT",1588777200,99.3,101.4,ENE,7,5,,36,-3.9,10.4,,,24100,2.3,,6,,
"2020-05-06 10:00:00 EDT",1588773600,99.32,101.4,N,1,16,,44,-3.1,8.5,,,24100,2.4,,6,,
"2020-05-06 09:00:00 EDT",1588770000,99.32,101.4,N,36,20,,51,-2.9,6.4,,,24100,2.4,,7,,
"2020-05-06 08:00:00 EDT",1588766400,99.31,101.4,N,1,16,,61,-2.4,4.5,,,24100,2.4,,7,,
"2020-05-06 07:00:00 EDT",1588762800,99.3,101.4,N,35,16,,64,-3.1,3.1,,,24100,2.3,,7,,
"2020-05-06 06:00:00 EDT",1588759200,99.3,101.4,NNW,34,18,,63,-3.5,2.9,,,24100,2.2,,7,,
"2020-05-06 05:00:00 EDT",1588755600,99.33,101.5,N,35,13,,63,-3.7,2.7,,,24100,2.2,,8,,
"2020-05-06 04:00:00 EDT",1588752000,99.33,101.4,N,36,14,,59,-4.4,2.9,,,24100,2.4,,8,,
"2020-05-06 03:00:00 EDT",1588748400,99.33,101.4,N,35,14,,53,-5.4,3.4,,,24100,2.6,,8,,
"2020-05-06 02:00:00 EDT",1588744800,99.35,101.5,N,35,18,,47,-6.7,3.5,,,24100,2.8,,7,,
"2020-05-06 01:00:00 EDT",1588741200,99.35,101.5,N,36,21,,42,-7.9,3.7,,,24100,2.7,,7,,
"2020-05-06 00:00:00 EDT",1588737600,99.38,101.5,N,36,14,,42,-8,3.7,,,24100,2.7,,7,,
"2020-05-05 23:00:00 EDT",1588734000,99.4,101.5,NNW,33,16,,50,-5.4,4.2,,,24100,2.7,,5,,
"2020-05-05 22:00:00 EDT",1588730400,99.39,101.5,N,35,13,,47,-5,5.5,,,24100,2.7,,5,,
"2020-05-05 21:00:00 EDT",1588726800,99.35,101.5,N,1,22,,43,-4.7,7,,,24100,2.7,,6,,
"2020-05-05 20:00:00 EDT",1588723200,99.32,101.4,N,36,2,,38,-6.2,7.1,,,24100,2.7,,7,,
"2020-05-05 19:00:00 EDT",1588719600,99.34,101.5,SE,14,10,,42,-5,7.1,,,24100,2.6,,6,,
"2020-05-05 18:00:00 EDT",1588716000,99.37,101.5,SE,15,13,,42,-4.1,7.9,,,24100,2.5,,6,,
"2020-05-05 17:00:00 EDT",1588712400,99.35,101.5,SSE,15,18,,40,-2.7,10.2,,,24100,2.5,,6,,
"2020-05-05 16:00:00 EDT",1588708800,99.4,101.5,SSE,17,9,,40,-2.5,10.3,,,24100,2.5,,7,,
"2020-05-05 15:00:00 EDT",1588705200,99.45,101.6,SSE,15,17,,43,-2.4,9.7,,,24100,2.4,,7,,
"2020-05-05 14:00:00 EDT",1588701600,99.51,101.6,SSW,21,10,,31,-7.3,8.9,,,24100,2.3,,7,,
"2020-05-05 13:00:00 EDT",1588698000,99.55,101.7,NW,32,8,,33,-7,8.5,,,24100,2.4,,7,,
"2020-05-05 12:00:00 EDT",1588694400,99.6,101.7,NE,4,5,,37,-6.2,7.4,,,24100,2.3,,6,,
"2020-05-05 11:00:00 EDT",1588690800,99.65,101.8,NE,5,8,,40,-6.8,5.8,,,24100,2.2,,6,,
"2020-05-05 10:00:00 EDT",1588687200,99.69,101.8,NNE,3,10,,45,-6.6,4.4,,,24100,2.2,,5,,
"2020-05-05 09:00:00 EDT",1588683600,99.74,101.9,NNE,2,13,,48,-5.8,4.2,,,24100,2.3,,4,,
"2020-05-05 08:00:00 EDT",1588680000,99.81,101.9,N,1,9,,55,-5.5,2.6,,,24100,2.4,,3,,
"2020-05-05 07:00:00 EDT",1588676400,99.79,101.9,NNW,33,10,,65,-4.5,1.4,,,24100,2.3,,4,,
"2020-05-05 06:00:00 EDT",1588672800,99.71,101.8,NNE,2,13,,73,-4.7,-0.4,-5,,24100,2.3,,1,,
"2020-05-05 05:00:00 EDT",1588669200,99.74,101.9,N,1,17,,66,-4.7,0.9,,,24100,2.2,,1,,
"2020-05-05 04:00:00 EDT",1588665600,99.77,101.9,NNW,34,19,,56,-5.9,2,,,24100,2.3,,3,,
"2020-05-05 03:00:00 EDT",1588662000,99.77,101.9,NW,31,15,,55,-6.9,1.1,,,24100,2.4,,3,,
"2020-05-05 02:00:00 EDT",1588658400,99.74,101.9,N,36,19,,48,-7.9,1.9,,,24100,2.5,,3,,
"2020-05-05 01:00:00 EDT",1588654800,99.83,102,NW,32,16,,50,-7.4,1.8,,,24100,2.4,,0,,
"2020-05-05 00:00:00 EDT",1588651200,99.81,101.9,NW,32,16,,45,-7.8,3,,,24100,2.4,,0,,
"2020-05-04 23:00:00 EDT",1588647600,99.78,101.9,NW,31,16,,40,-8.3,4.2,,,24100,2.4,,0,,
"2020-05-04 22:00:00 EDT",1588644000,99.78,101.9,NW,32,24,,39,-8.3,4.6,,,24100,2.4,,1,,
"2020-05-04 21:00:00 EDT",1588640400,99.74,101.9,NNW,33,23,33,34,-9.4,5.3,,,24100,2.5,,1,,
"2020-05-04 20:00:00 EDT",1588636800,99.66,101.8,N,36,34,,31,-10.2,5.9,,,24100,2.5,,0,,
"2020-05-04 19:00:00 EDT",1588633200,99.6,101.7,N,36,31,41,33,-7.4,7.7,,,24100,2.4,,1,,
"2020-05-04 18:00:00 EDT",1588629600,99.52,101.6,N,35,27,43,37,-4.6,9.5,,,24100,2.4,,1,,
"2020-05-04 17:00:00 EDT",1588626000,99.51,101.6,NW,33,35,,36,-4.3,10,,,24100,2.2,,1,,
"2020-05-04 16:00:00 EDT",1588622400,99.5,101.6,NW,31,24,45,49,0.2,10.4,,,24100,2.2,,3,,
"2020-05-04 15:00:00 EDT",1588618800,99.54,101.7,NW,32,30,49,48,0.5,11.2,,,24100,2.1,,4,,
"2020-05-04 14:00:00 EDT",1588615200,99.51,101.6,NNW,34,16,32,54,0.8,9.6,,,24100,2.1,,4,,
"2020-05-04 13:00:00 EDT",1588611600,99.51,101.6,NNW,33,28,,54,-0.2,8.7,,,24100,2,,6,,
"2020-05-04 12:00:00 EDT",1588608000,99.49,101.6,NW,31,32,42,60,0.4,7.6,,,24100,1.9,,7,,
"2020-05-04 11:00:00 EDT",1588604400,99.43,101.5,NW,32,36,46,63,0,6.6,,,24100,1.9,,8,,
"2020-05-04 10:00:00 EDT",1588600800,99.35,101.5,NW,32,34,47,67,0.5,6.1,,,24100,,,8,,
"2020-05-04 09:00:00 EDT",1588597200,99.27,101.4,NW,32,36,47,70,1,5.9,,,24100,,,8,,
"2020-05-04 08:00:00 EDT",1588593600,99.18,101.3,NNW,33,32,44,76,1.8,5.7,,,24100,1.5,,7,,
"2020-05-04 07:00:00 EDT",1588590000,99.06,101.2,NNW,34,25,39,75,2,6.1,,,24100,1.4,,4,,
"2020-05-04 06:00:00 EDT",1588586400,98.95,101,NNW,34,25,37,76,2,6,,,24100,1.6,,8,,
"2020-05-04 05:00:00 EDT",1588582800,98.89,101,NNW,33,32,,70,1.9,6.9,,,24100,1.8,,7,,
"2020-05-04 04:00:00 EDT",1588579200,98.83,100.9,NW,31,29,,65,1.4,7.5,,,24100,2,,7,,
"2020-05-04 03:00:00 EDT",1588575600,98.79,100.9,NW,31,27,36,60,1.3,8.6,,,24100,2.1,,8,,
"2020-05-04 02:00:00 EDT",1588572000,98.78,100.9,WNW,29,21,,56,1.5,9.8,,,24100,2.1,,8,,
"2020-05-04 01:00:00 EDT",1588568400,98.76,100.8,NNW,33,17,,56,1.9,10.2,,,24100,2.1,,7,,
"2020-05-04 00:00:00 EDT",1588564800,98.76,100.8,NNW,33,23,,53,1.7,10.9,,,24100,2.2,,7,,
"2020-05-03 23:00:00 EDT",1588561200,98.76,100.8,NNW,35,19,30,52,1.8,11.2,,,24100,2.2,,7,,
"2020-05-03 22:00:00 EDT",1588557600,98.76,100.8,NNW,35,24,36,49,1.6,12,,,24100,2.3,,6,,
"2020-05-03 21:00:00 EDT",1588554000,98.72,100.8,N,36,31,,46,1.7,13,,,24100,2.4,,7,,
"2020-05-03 20:00:00 EDT",1588550400,98.66,100.7,NNE,1,32,,45,2.5,14.3,,,24100,2.5,,3,,
"2020-05-03 19:00:00 EDT",1588546800,98.64,100.7,WNW,30,26,,34,1.5,17.7,,,24100,2.5,,2,,
"2020-05-03 18:00:00 EDT",1588543200,98.65,100.7,NW,31,38,,33,1.8,18,,,24100,2.6,,7,,
"2020-05-03 17:00:00 EDT",1588539600,98.62,100.7,NW,31,31,52,32,1.8,18.8,,,24100,2.6,,5,,
"2020-05-03 16:00:00 EDT",1588536000,98.59,100.7,NW,32,34,52,32,3.2,20.2,,,24100,2.6,,3,,
"2020-05-03 15:00:00 EDT",1588532400,98.61,100.7,NW,31,30,44,33,3.5,20.3,,,24100,2.7,,4,,
"2020-05-03 14:00:00 EDT",1588528800,98.61,100.7,W,28,28,48,36,5.2,20.4,,,24100,2.9,,2,,
"2020-05-03 13:00:00 EDT",1588525200,98.63,100.7,WNW,30,23,37,43,7,19.6,,,24100,2.9,,2,,
"2020-05-03 12:00:00 EDT",1588521600,98.66,100.7,NW,32,17,,56,10.2,19.1,,,24100,2.9,,1,,
"2020-05-03 11:00:00 EDT",1588518000,98.66,100.7,WNW,29,22,,67,13,19.2,,,24100,2.8,,1,,
"2020-05-03 10:00:00 EDT",1588514400,98.7,100.8,SSW,21,11,,57,9.1,17.7,,,24100,2.8,,1,,
"2020-05-03 09:00:00 EDT",1588510800,98.75,100.8,S,18,14,,56,6.6,15.3,,,24100,2.9,,2,,
"2020-05-03 08:00:00 EDT",1588507200,98.74,100.8,S,19,15,,71,7.4,12.4,,,24100,2.9,,2,,
"2020-05-03 07:00:00 EDT",1588503600,98.71,100.8,WNW,28,11,,74,5.6,10,,,24100,2.9,,1,,
"2020-05-03 06:00:00 EDT",1588500000,98.67,100.8,S,19,11,,86,5,7.2,,,24100,2.9,,1,,
"2020-05-03 05:00:00 EDT",1588496400,98.65,100.7,S,18,12,,79,5.8,9.2,,,24100,2.9,,1,,
"2020-05-03 04:00:00 EDT",1588492800,98.59,100.7,SSE,16,5,,78,6,9.5,,,24100,2.9,,3,,
"2020-05-03 03:00:00 EDT",1588489200,98.57,100.7,NW,31,10,,78,6.6,10.2,,,24100,2.9,,3,,
"2020-05-03 02:00:00 EDT",1588485600,98.6,100.7,NNW,34,9,,82,7.5,10.3,,,24100,2.9,,1,,
"2020-05-03 01:00:00 EDT",1588482000,98.6,100.7,NE,5,6,,82,5.2,8.1,,,24100,2.8,,0,,
